,AQI,PM2.5,PM10,NO2,SO2,CO,O3
0,406,223.3,438.48,336.98,462.84,4.26,385.7
31,274,150.7,295.92,227.42,312.36,2.88,260.3
59,257,141.35,277.56,213.31,292.98,2.7,244.15
90,195,107.25,210.6,161.85,222.3,2.05,185.25
120,177,97.35,191.16,146.91,201.78,1.86,168.15
151,198,108.9,213.84,164.34,225.72,2.08,188.1
181,92,50.6,99.36,76.36,104.88,0.97,87.4
212,153,84.15,165.24,126.99,174.42,1.61,145.35
243,114,62.7,123.12,94.62,129.96,1.2,108.3
273,148,81.4,159.84,122.84,168.72,1.55,140.6
304,393,216.15,424.44,326.19,448.02,4.13,373.35
334,306,168.3,330.48,253.98,348.84,3.21,290.7
12,359,197.45,387.72,297.97,409.26,3.77,341.05
13,321,176.55,346.68,266.43,365.94,3.37,304.95
14,331,182.05,357.48,274.73,377.34,3.48,314.45
15,255,140.25,275.4,211.65,290.7,2.68,242.25
16,353,194.15,381.24,292.99,402.42,3.71,335.35
17,400,220.0,432.0,332.0,456.0,4.2,380.0
18,406,223.3,438.48,336.98,462.84,4.26,385.7
19,323,177.65,348.84,268.09,368.22,3.39,306.85
20,276,151.8,298.08,229.08,314.64,2.9,262.2
21,342,188.1,369.36,283.86,389.88,3.59,324.9
22,324,178.2,349.92,268.92,369.36,3.4,307.8
23,270,148.5,291.6,224.1,307.8,2.84,256.5
24,243,133.65,262.44,201.69,277.02,2.55,230.85
25,261,143.55,281.88,216.63,297.54,2.74,247.95
26,286,157.3,308.88,237.38,326.04,3.0,271.7
27,300,165.0,324.0,249.0,342.0,3.15,285.0
28,302,166.1,326.16,250.66,344.28,3.17,286.9
29,270,148.5,291.6,224.1,307.8,2.84,256.5
30,244,134.2,263.52,202.52,278.16,2.56,231.8
1,418,229.9,451.44,346.94,476.52,4.39,397.1
32,293,161.15,316.44,243.19,334.02,3.08,278.35
60,260,143.0,280.8,215.8,296.4,2.73,247.0
91,219,120.45,236.52,181.77,249.66,2.3,208.05
121,153,84.15,165.24,126.99,174.42,1.61,145.35
152,173,95.15,186.84,143.59,197.22,1.82,164.35
182,106,58.3,114.48,87.98,120.84,1.11,100.7
213,235,129.25,253.8,195.05,267.9,2.47,223.25
244,106,58.3,114.48,87.98,120.84,1.11,100.7
274,202,111.1,218.16,167.66,230.28,2.12,191.9
305,370,203.5,399.6,307.1,421.8,3.89,351.5
335,297,163.35,320.76,246.51,338.58,3.12,282.15
43,191,105.05,206.28,158.53,217.74,2.01,181.45
44,187,102.85,201.96,155.21,213.18,1.96,177.65
45,187,102.85,201.96,155.21,213.18,1.96,177.65
46,235,129.25,253.8,195.05,267.9,2.47,223.25
47,256,140.8,276.48,212.48,291.84,2.69,243.2
48,257,141.35,277.56,213.31,292.98,2.7,244.15
49,294,161.7,317.52,244.02,335.16,3.09,279.3
50,296,162.8,319.68,245.68,337.44,3.11,281.2
51,308,169.4,332.64,255.64,351.12,3.23,292.6
52,300,165.0,324.0,249.0,342.0,3.15,285.0
53,302,166.1,326.16,250.66,344.28,3.17,286.9
54,320,176.0,345.6,265.6,364.8,3.36,304.0
55,266,146.3,287.28,220.78,303.24,2.79,252.7
56,156,85.8,168.48,129.48,177.84,1.64,148.2
57,160,88.0,172.8,132.8,182.4,1.68,152.0
58,272,149.6,293.76,225.76,310.08,2.86,258.4
2,382,210.1,412.56,317.06,435.48,4.01,362.9
33,243,133.65,262.44,201.69,277.02,2.55,230.85
61,203,111.65,219.24,168.49,231.42,2.13,192.85
92,207,113.85,223.56,171.81,235.98,2.17,196.65
122,160,88.0,172.8,132.8,182.4,1.68,152.0
153,174,95.7,187.92,144.42,198.36,1.83,165.3
183,114,62.7,123.12,94.62,129.96,1.2,108.3
214,213,117.15,230.04,176.79,242.82,2.24,202.35
245,73,40.15,78.84,60.59,83.22,0.77,69.35
275,143,78.65,154.44,118.69,163.02,1.5,135.85
306,340,187.0,367.2,282.2,387.6,3.57,323.0
336,328,180.4,354.24,272.24,373.92,3.44,311.6
71,217,119.35,234.36,180.11,247.38,2.28,206.15
72,267,146.85,288.36,221.61,304.38,2.8,253.65
73,297,163.35,320.76,246.51,338.58,3.12,282.15
74,256,140.8,276.48,212.48,291.84,2.69,243.2
75,186,102.3,200.88,154.38,212.04,1.95,176.7
76,169,92.95,182.52,140.27,192.66,1.77,160.55
77,173,95.15,186.84,143.59,197.22,1.82,164.35
78,217,119.35,234.36,180.11,247.38,2.28,206.15
79,289,158.95,312.12,239.87,329.46,3.03,274.55
80,186,102.3,200.88,154.38,212.04,1.95,176.7
81,151,83.05,163.08,125.33,172.14,1.59,143.45
82,175,96.25,189.0,145.25,199.5,1.84,166.25
83,195,107.25,210.6,161.85,222.3,2.05,185.25
84,183,100.65,197.64,151.89,208.62,1.92,173.85
85,230,126.5,248.4,190.9,262.2,2.42,218.5
86,255,140.25,275.4,211.65,290.7,2.68,242.25
87,213,117.15,230.04,176.79,242.82,2.24,202.35
88,218,119.9,235.44,180.94,248.52,2.29,207.1
89,256,140.8,276.48,212.48,291.84,2.69,243.2
3,366,201.3,395.28,303.78,417.24,3.84,347.7
34,256,140.8,276.48,212.48,291.84,2.69,243.2
62,178,97.9,192.24,147.74,202.92,1.87,169.1
93,203,111.65,219.24,168.49,231.42,2.13,192.85
123,139,76.45,150.12,115.37,158.46,1.46,132.05
154,183,100.65,197.64,151.89,208.62,1.92,173.85
184,137,75.35,147.96,113.71,156.18,1.44,130.15
215,216,118.8,233.28,179.28,246.24,2.27,205.2
246,112,61.6,120.96,92.96,127.68,1.18,106.4
276,201,110.55,217.08,166.83,229.14,2.11,190.95
307,171,94.05,184.68,141.93,194.94,1.8,162.45
337,356,195.8,384.48,295.48,405.84,3.74,338.2
102,188,103.4,203.04,156.04,214.32,1.97,178.6
103,217,119.35,234.36,180.11,247.38,2.28,206.15
104,224,123.2,241.92,185.92,255.36,2.35,212.8
105,285,156.75,307.8,236.55,324.9,2.99,270.75
106,244,134.2,263.52,202.52,278.16,2.56,231.8
107,228,125.4,246.24,189.24,259.92,2.39,216.6
108,244,134.2,263.52,202.52,278.16,2.56,231.8
109,246,135.3,265.68,204.18,280.44,2.58,233.7
110,356,195.8,384.48,295.48,405.84,3.74,338.2
111,211,116.05,227.88,175.13,240.54,2.22,200.45
112,160,88.0,172.8,132.8,182.4,1.68,152.0
113,254,139.7,274.32,210.82,289.56,2.67,241.3
114,266,146.3,287.28,220.78,303.24,2.79,252.7
115,313,172.15,338.04,259.79,356.82,3.29,297.35
116,310,170.5,334.8,257.3,353.4,3.26,294.5
117,301,165.55,325.08,249.83,343.14,3.16,285.95
118,248,136.4,267.84,205.84,282.72,2.6,235.6
119,209,114.95,225.72,173.47,238.26,2.19,198.55
4,390,214.5,421.2,323.7,444.6,4.1,370.5
35,291,160.05,314.28,241.53,331.74,3.06,276.45
63,172,94.6,185.76,142.76,196.08,1.81,163.4
94,290,159.5,313.2,240.7,330.6,3.05,275.5
124,173,95.15,186.84,143.59,197.22,1.82,164.35
155,169,92.95,182.52,140.27,192.66,1.77,160.55
185,123,67.65,132.84,102.09,140.22,1.29,116.85
216,241,132.55,260.28,200.03,274.74,2.53,228.95
247,90,49.5,97.2,74.7,102.6,0.95,85.5
277,256,140.8,276.48,212.48,291.84,2.69,243.2
308,426,234.3,460.08,353.58,485.64,4.47,404.7
338,331,182.05,357.48,274.73,377.34,3.48,314.45
132,215,118.25,232.2,178.45,245.1,2.26,204.25
133,130,71.5,140.4,107.9,148.2,1.37,123.5
134,164,90.2,177.12,136.12,186.96,1.72,155.8
135,190,104.5,205.2,157.7,216.6,2.0,180.5
136,243,133.65,262.44,201.69,277.02,2.55,230.85
137,225,123.75,243.0,186.75,256.5,2.36,213.75
138,242,133.1,261.36,200.86,275.88,2.54,229.9
139,199,109.45,214.92,165.17,226.86,2.09,189.05
140,183,100.65,197.64,151.89,208.62,1.92,173.85
141,212,116.6,228.96,175.96,241.68,2.23,201.4
142,301,165.55,325.08,249.83,343.14,3.16,285.95
143,252,138.6,272.16,209.16,287.28,2.65,239.4
144,251,138.05,271.08,208.33,286.14,2.64,238.45
145,235,129.25,253.8,195.05,267.9,2.47,223.25
146,277,152.35,299.16,229.91,315.78,2.91,263.15
147,275,151.25,297.0,228.25,313.5,2.89,261.25
148,285,156.75,307.8,236.55,324.9,2.99,270.75
149,281,154.55,303.48,233.23,320.34,2.95,266.95
150,208,114.4,224.64,172.64,237.12,2.18,197.6
5,405,222.75,437.4,336.15,461.7,4.25,384.75
36,287,157.85,309.96,238.21,327.18,3.01,272.65
64,167,91.85,180.36,138.61,190.38,1.75,158.65
95,208,114.4,224.64,172.64,237.12,2.18,197.6
125,269,147.95,290.52,223.27,306.66,2.82,255.55
156,136,74.8,146.88,112.88,155.04,1.43,129.2
186,147,80.85,158.76,122.01,167.58,1.54,139.65
217,133,73.15,143.64,110.39,151.62,1.4,126.35
248,137,75.35,147.96,113.71,156.18,1.44,130.15
278,209,114.95,225.72,173.47,238.26,2.19,198.55
309,338,185.9,365.04,280.54,385.32,3.55,321.1
339,349,191.95,376.92,289.67,397.86,3.66,331.55
163,445,244.75,480.6,369.35,507.3,4.67,422.75
164,431,237.05,465.48,357.73,491.34,4.53,409.45
165,447,245.85,482.76,371.01,509.58,4.69,424.65
166,369,202.95,398.52,306.27,420.66,3.87,350.55
167,289,158.95,312.12,239.87,329.46,3.03,274.55
168,171,94.05,184.68,141.93,194.94,1.8,162.45
169,121,66.55,130.68,100.43,137.94,1.27,114.95
170,177,97.35,191.16,146.91,201.78,1.86,168.15
171,226,124.3,244.08,187.58,257.64,2.37,214.7
172,236,129.8,254.88,195.88,269.04,2.48,224.2
173,218,119.9,235.44,180.94,248.52,2.29,207.1
174,183,100.65,197.64,151.89,208.62,1.92,173.85
175,192,105.6,207.36,159.36,218.88,2.02,182.4
176,110,60.5,118.8,91.3,125.4,1.16,104.5
177,93,51.15,100.44,77.19,106.02,0.98,88.35
178,76,41.8,82.08,63.08,86.64,0.8,72.2
179,72,39.6,77.76,59.76,82.08,0.76,68.4
180,96,52.8,103.68,79.68,109.44,1.01,91.2
6,355,195.25,383.4,294.65,404.7,3.73,337.25
37,261,143.55,281.88,216.63,297.54,2.74,247.95
65,185,101.75,199.8,153.55,210.9,1.94,175.75
96,143,78.65,154.44,118.69,163.02,1.5,135.85
126,211,116.05,227.88,175.13,240.54,2.22,200.45
157,164,90.2,177.12,136.12,186.96,1.72,155.8
187,151,83.05,163.08,125.33,172.14,1.59,143.45
218,113,62.15,122.04,93.79,128.82,1.19,107.35
249,91,50.05,98.28,75.53,103.74,0.96,86.45
279,181,99.55,195.48,150.23,206.34,1.9,171.95
310,281,154.55,303.48,233.23,320.34,2.95,266.95
340,348,191.4,375.84,288.84,396.72,3.65,330.6
193,99,54.45,106.92,82.17,112.86,1.04,94.05
194,76,41.8,82.08,63.08,86.64,0.8,72.2
195,76,41.8,82.08,63.08,86.64,0.8,72.2
196,87,47.85,93.96,72.21,99.18,0.91,82.65
197,91,50.05,98.28,75.53,103.74,0.96,86.45
198,106,58.3,114.48,87.98,120.84,1.11,100.7
199,88,48.4,95.04,73.04,100.32,0.92,83.6
200,80,44.0,86.4,66.4,91.2,0.84,76.0
201,111,61.05,119.88,92.13,126.54,1.17,105.45
202,61,33.55,65.88,50.63,69.54,0.64,57.95
203,67,36.85,72.36,55.61,76.38,0.7,63.65
204,90,49.5,97.2,74.7,102.6,0.95,85.5
205,78,42.9,84.24,64.74,88.92,0.82,74.1
206,74,40.7,79.92,61.42,84.36,0.78,70.3
207,54,29.7,58.32,44.82,61.56,0.57,51.3
208,57,31.35,61.56,47.31,64.98,0.6,54.15
209,90,49.5,97.2,74.7,102.6,0.95,85.5
210,115,63.25,124.2,95.45,131.1,1.21,109.25
211,132,72.6,142.56,109.56,150.48,1.39,125.4
7,288,158.4,311.04,239.04,328.32,3.02,273.6
38,308,169.4,332.64,255.64,351.12,3.23,292.6
66,245,134.75,264.6,203.35,279.3,2.57,232.75
97,141,77.55,152.28,117.03,160.74,1.48,133.95
127,208,114.4,224.64,172.64,237.12,2.18,197.6
158,179,98.45,193.32,148.57,204.06,1.88,170.05
188,182,100.1,196.56,151.06,207.48,1.91,172.9
219,86,47.3,92.88,71.38,98.04,0.9,81.7
250,86,47.3,92.88,71.38,98.04,0.9,81.7
280,246,135.3,265.68,204.18,280.44,2.58,233.7
311,390,214.5,421.2,323.7,444.6,4.1,370.5
341,347,190.85,374.76,288.01,395.58,3.64,329.65
224,94,51.7,101.52,78.02,107.16,0.99,89.3
225,117,64.35,126.36,97.11,133.38,1.23,111.15
226,120,66.0,129.6,99.6,136.8,1.26,114.0
227,86,47.3,92.88,71.38,98.04,0.9,81.7
228,84,46.2,90.72,69.72,95.76,0.88,79.8
229,80,44.0,86.4,66.4,91.2,0.84,76.0
230,89,48.95,96.12,73.87,101.46,0.93,84.55
231,137,75.35,147.96,113.71,156.18,1.44,130.15
232,87,47.85,93.96,72.21,99.18,0.91,82.65
233,78,42.9,84.24,64.74,88.92,0.82,74.1
234,69,37.95,74.52,57.27,78.66,0.72,65.55
235,80,44.0,86.4,66.4,91.2,0.84,76.0
236,89,48.95,96.12,73.87,101.46,0.93,84.55
237,78,42.9,84.24,64.74,88.92,0.82,74.1
238,62,34.1,66.96,51.46,70.68,0.65,58.9
239,71,39.05,76.68,58.93,80.94,0.75,67.45
240,68,37.4,73.44,56.44,77.52,0.71,64.6
241,78,42.9,84.24,64.74,88.92,0.82,74.1
242,127,69.85,137.16,105.41,144.78,1.33,120.65
8,359,197.45,387.72,297.97,409.26,3.77,341.05
39,335,184.25,361.8,278.05,381.9,3.52,318.25
67,280,154.0,302.4,232.4,319.2,2.94,266.0
98,120,66.0,129.6,99.6,136.8,1.26,114.0
128,163,89.65,176.04,135.29,185.82,1.71,154.85
159,127,69.85,137.16,105.41,144.78,1.33,120.65
189,157,86.35,169.56,130.31,178.98,1.65,149.15
220,88,48.4,95.04,73.04,100.32,0.92,83.6
251,61,33.55,65.88,50.63,69.54,0.64,57.95
281,251,138.05,271.08,208.33,286.14,2.64,238.45
312,423,232.65,456.84,351.09,482.22,4.44,401.85
342,374,205.7,403.92,310.42,426.36,3.93,355.3
255,103,56.65,111.24,85.49,117.42,1.08,97.85
256,102,56.1,110.16,84.66,116.28,1.07,96.9
257,118,64.9,127.44,97.94,134.52,1.24,112.1
258,121,66.55,130.68,100.43,137.94,1.27,114.95
259,135,74.25,145.8,112.05,153.9,1.42,128.25
260,150,82.5,162.0,124.5,171.0,1.58,142.5
261,154,84.7,166.32,127.82,175.56,1.62,146.3
262,164,90.2,177.12,136.12,186.96,1.72,155.8
263,143,78.65,154.44,118.69,163.02,1.5,135.85
264,54,29.7,58.32,44.82,61.56,0.57,51.3
265,62,34.1,66.96,51.46,70.68,0.65,58.9
266,52,28.6,56.16,43.16,59.28,0.55,49.4
267,55,30.25,59.4,45.65,62.7,0.58,52.25
268,88,48.4,95.04,73.04,100.32,0.92,83.6
269,151,83.05,163.08,125.33,172.14,1.59,143.45
270,197,108.35,212.76,163.51,224.58,2.07,187.15
271,219,120.45,236.52,181.77,249.66,2.3,208.05
272,158,86.9,170.64,131.14,180.12,1.66,150.1
9,352,193.6,380.16,292.16,401.28,3.7,334.4
40,341,187.55,368.28,283.03,388.74,3.58,323.95
68,170,93.5,183.6,141.1,193.8,1.79,161.5
99,230,126.5,248.4,190.9,262.2,2.42,218.5
129,190,104.5,205.2,157.7,216.6,2.0,180.5
160,158,86.9,170.64,131.14,180.12,1.66,150.1
190,134,73.7,144.72,111.22,152.76,1.41,127.3
221,102,56.1,110.16,84.66,116.28,1.07,96.9
252,84,46.2,90.72,69.72,95.76,0.88,79.8
282,241,132.55,260.28,200.03,274.74,2.53,228.95
313,401,220.55,433.08,332.83,457.14,4.21,380.95
343,403,221.65,435.24,334.49,459.42,4.23,382.85
285,262,144.1,282.96,217.46,298.68,2.75,248.9
286,204,112.2,220.32,169.32,232.56,2.14,193.8
287,246,135.3,265.68,204.18,280.44,2.58,233.7
288,291,160.05,314.28,241.53,331.74,3.06,276.45
289,313,172.15,338.04,259.79,356.82,3.29,297.35
290,297,163.35,320.76,246.51,338.58,3.12,282.15
291,276,151.8,298.08,229.08,314.64,2.9,262.2
292,326,179.3,352.08,270.58,371.64,3.42,309.7
293,292,160.6,315.36,242.36,332.88,3.07,277.4
294,272,149.6,293.76,225.76,310.08,2.86,258.4
295,254,139.7,274.32,210.82,289.56,2.67,241.3
296,328,180.4,354.24,272.24,373.92,3.44,311.6
297,331,182.05,357.48,274.73,377.34,3.48,314.45
298,361,198.55,389.88,299.63,411.54,3.79,342.95
299,350,192.5,378.0,290.5,399.0,3.68,332.5
300,366,201.3,395.28,303.78,417.24,3.84,347.7
301,367,201.85,396.36,304.61,418.38,3.85,348.65
302,401,220.55,433.08,332.83,457.14,4.21,380.95
303,358,196.9,386.64,297.14,408.12,3.76,340.1
10,309,169.95,333.72,256.47,352.26,3.24,293.55
41,304,167.2,328.32,252.32,346.56,3.19,288.8
69,170,93.5,183.6,141.1,193.8,1.79,161.5
100,141,77.55,152.28,117.03,160.74,1.48,133.95
130,256,140.8,276.48,212.48,291.84,2.69,243.2
161,183,100.65,197.64,151.89,208.62,1.92,173.85
191,106,58.3,114.48,87.98,120.84,1.11,100.7
222,96,52.8,103.68,79.68,109.44,1.01,91.2
253,79,43.45,85.32,65.57,90.06,0.83,75.05
283,210,115.5,226.8,174.3,239.4,2.21,199.5
314,405,222.75,437.4,336.15,461.7,4.25,384.75
344,413,227.15,446.04,342.79,470.82,4.34,392.35
316,409,224.95,441.72,339.47,466.26,4.29,388.55
317,312,171.6,336.96,258.96,355.68,3.28,296.4
318,217,119.35,234.36,180.11,247.38,2.28,206.15
319,285,156.75,307.8,236.55,324.9,2.99,270.75
320,267,146.85,288.36,221.61,304.38,2.8,253.65
321,311,171.05,335.88,258.13,354.54,3.27,295.45
322,330,181.5,356.4,273.9,376.2,3.47,313.5
323,374,205.7,403.92,310.42,426.36,3.93,355.3
324,374,205.7,403.92,310.42,426.36,3.93,355.3
325,273,150.15,294.84,226.59,311.22,2.87,259.35
326,337,185.35,363.96,279.71,384.18,3.54,320.15
327,249,136.95,268.92,206.67,283.86,2.61,236.55
328,262,144.1,282.96,217.46,298.68,2.75,248.9
329,336,184.8,362.88,278.88,383.04,3.53,319.2
330,352,193.6,380.16,292.16,401.28,3.7,334.4
331,316,173.8,341.28,262.28,360.24,3.32,300.2
332,358,196.9,386.64,297.14,408.12,3.76,340.1
333,352,193.6,380.16,292.16,401.28,3.7,334.4
11,298,163.9,321.84,247.34,339.72,3.13,283.1
42,178,97.9,192.24,147.74,202.92,1.87,169.1
70,214,117.7,231.12,177.62,243.96,2.25,203.3
101,99,54.45,106.92,82.17,112.86,1.04,94.05
131,304,167.2,328.32,252.32,346.56,3.19,288.8
162,296,162.8,319.68,245.68,337.44,3.11,281.2
192,143,78.65,154.44,118.69,163.02,1.5,135.85
223,83,45.65,89.64,68.89,94.62,0.87,78.85
254,90,49.5,97.2,74.7,102.6,0.95,85.5
284,154,84.7,166.32,127.82,175.56,1.62,146.3
315,399,219.45,430.92,331.17,454.86,4.19,379.05
345,392,215.6,423.36,325.36,446.88,4.12,372.4
346,194,106.7,209.52,161.02,221.16,2.04,184.3
347,249,136.95,268.92,206.67,283.86,2.61,236.55
348,261,143.55,281.88,216.63,297.54,2.74,247.95
349,282,155.1,304.56,234.06,321.48,2.96,267.9
350,337,185.35,363.96,279.71,384.18,3.54,320.15
351,353,194.15,381.24,292.99,402.42,3.71,335.35
352,353,194.15,381.24,292.99,402.42,3.71,335.35
353,394,216.7,425.52,327.02,449.16,4.14,374.3
354,386,212.3,416.88,320.38,440.04,4.05,366.7
355,421,231.55,454.68,349.43,479.94,4.42,399.95
356,450,247.5,486.0,373.5,513.0,4.73,427.5
357,448,246.4,483.84,371.84,510.72,4.7,425.6
358,409,224.95,441.72,339.47,466.26,4.29,388.55
359,384,211.2,414.72,318.72,437.76,4.03,364.8
360,399,219.45,430.92,331.17,454.86,4.19,379.05
361,392,215.6,423.36,325.36,446.88,4.12,372.4
362,385,211.75,415.8,319.55,438.9,4.04,365.75
363,415,228.25,448.2,344.45,473.1,4.36,394.25
364,420,231.0,453.6,348.6,478.8,4.41,399.0
365,393,216.15,424.44,326.19,448.02,4.13,373.35
396,306,168.3,330.48,253.98,348.84,3.21,290.7
424,225,123.75,243.0,186.75,256.5,2.36,213.75
455,151,83.05,163.08,125.33,172.14,1.59,143.45
485,295,162.25,318.6,244.85,336.3,3.1,280.25
516,264,145.2,285.12,219.12,300.96,2.77,250.8
546,183,100.65,197.64,151.89,208.62,1.92,173.85
577,89,48.95,96.12,73.87,101.46,0.93,84.55
608,108,59.4,116.64,89.64,123.12,1.13,102.6
638,93,51.15,100.44,77.19,106.02,0.98,88.35
669,484,266.2,522.72,401.72,551.76,5.08,459.8
699,250,137.5,270.0,207.5,285.0,2.63,237.5
377,414,227.7,447.12,343.62,471.96,4.35,393.3
378,247,135.85,266.76,205.01,281.58,2.59,234.65
379,237,130.35,255.96,196.71,270.18,2.49,225.15
380,371,204.05,400.68,307.93,422.94,3.9,352.45
381,440,242.0,475.2,365.2,501.6,4.62,418.0
382,397,218.35,428.76,329.51,452.58,4.17,377.15
383,378,207.9,408.24,313.74,430.92,3.97,359.1
384,404,222.2,436.32,335.32,460.56,4.24,383.8
385,346,190.3,373.68,287.18,394.44,3.63,328.7
386,104,57.2,112.32,86.32,118.56,1.09,98.8
387,212,116.6,228.96,175.96,241.68,2.23,201.4
388,311,171.05,335.88,258.13,354.54,3.27,295.45
389,151,83.05,163.08,125.33,172.14,1.59,143.45
390,233,128.15,251.64,193.39,265.62,2.45,221.35
391,262,144.1,282.96,217.46,298.68,2.75,248.9
392,267,146.85,288.36,221.61,304.38,2.8,253.65
393,276,151.8,298.08,229.08,314.64,2.9,262.2
394,327,179.85,353.16,271.41,372.78,3.43,310.65
395,359,197.45,387.72,297.97,409.26,3.77,341.05
366,430,236.5,464.4,356.9,490.2,4.52,408.5
397,332,182.6,358.56,275.56,378.48,3.49,315.4
425,217,119.35,234.36,180.11,247.38,2.28,206.15
456,198,108.9,213.84,164.34,225.72,2.08,188.1
486,257,141.35,277.56,213.31,292.98,2.7,244.15
517,201,110.55,217.08,166.83,229.14,2.11,190.95
547,218,119.9,235.44,180.94,248.52,2.29,207.1
578,84,46.2,90.72,69.72,95.76,0.88,79.8
609,96,52.8,103.68,79.68,109.44,1.01,91.2
639,90,49.5,97.2,74.7,102.6,0.95,85.5
670,399,219.45,430.92,331.17,454.86,4.19,379.05
700,279,153.45,301.32,231.57,318.06,2.93,265.05
408,367,201.85,396.36,304.61,418.38,3.85,348.65
409,340,187.0,367.2,282.2,387.6,3.57,323.0
410,245,134.75,264.6,203.35,279.3,2.57,232.75
411,276,151.8,298.08,229.08,314.64,2.9,262.2
412,222,122.1,239.76,184.26,253.08,2.33,210.9
413,255,140.25,275.4,211.65,290.7,2.68,242.25
414,221,121.55,238.68,183.43,251.94,2.32,209.95
415,271,149.05,292.68,224.93,308.94,2.85,257.45
416,144,79.2,155.52,119.52,164.16,1.51,136.8
417,186,102.3,200.88,154.38,212.04,1.95,176.7
418,113,62.15,122.04,93.79,128.82,1.19,107.35
419,190,104.5,205.2,157.7,216.6,2.0,180.5
420,217,119.35,234.36,180.11,247.38,2.28,206.15
421,116,63.8,125.28,96.28,132.24,1.22,110.2
422,100,55.0,108.0,83.0,114.0,1.05,95.0
423,170,93.5,183.6,141.1,193.8,1.79,161.5
367,444,244.2,479.52,368.52,506.16,4.66,421.8
398,289,158.95,312.12,239.87,329.46,3.03,274.55
426,117,64.35,126.36,97.11,133.38,1.23,111.15
457,187,102.85,201.96,155.21,213.18,1.96,177.65
487,183,100.65,197.64,151.89,208.62,1.92,173.85
518,261,143.55,281.88,216.63,297.54,2.74,247.95
548,136,74.8,146.88,112.88,155.04,1.43,129.2
579,89,48.95,96.12,73.87,101.46,0.93,84.55
610,141,77.55,152.28,117.03,160.74,1.48,133.95
640,136,74.8,146.88,112.88,155.04,1.43,129.2
671,494,271.7,533.52,410.02,563.16,5.19,469.3
701,282,155.1,304.56,234.06,321.48,2.96,267.9
436,178,97.9,192.24,147.74,202.92,1.87,169.1
437,266,146.3,287.28,220.78,303.24,2.79,252.7
438,154,84.7,166.32,127.82,175.56,1.62,146.3
439,139,76.45,150.12,115.37,158.46,1.46,132.05
440,192,105.6,207.36,159.36,218.88,2.02,182.4
441,196,107.8,211.68,162.68,223.44,2.06,186.2
442,216,118.8,233.28,179.28,246.24,2.27,205.2
443,208,114.4,224.64,172.64,237.12,2.18,197.6
444,242,133.1,261.36,200.86,275.88,2.54,229.9
445,114,62.7,123.12,94.62,129.96,1.2,108.3
446,132,72.6,142.56,109.56,150.48,1.39,125.4
447,121,66.55,130.68,100.43,137.94,1.27,114.95
448,139,76.45,150.12,115.37,158.46,1.46,132.05
449,159,87.45,171.72,131.97,181.26,1.67,151.05
450,171,94.05,184.68,141.93,194.94,1.8,162.45
451,234,128.7,252.72,194.22,266.76,2.46,222.3
452,232,127.6,250.56,192.56,264.48,2.44,220.4
453,233,128.15,251.64,193.39,265.62,2.45,221.35
454,182,100.1,196.56,151.06,207.48,1.91,172.9
368,386,212.3,416.88,320.38,440.04,4.05,366.7
399,288,158.4,311.04,239.04,328.32,3.02,273.6
427,234,128.7,252.72,194.22,266.76,2.46,222.3
458,254,139.7,274.32,210.82,289.56,2.67,241.3
488,182,100.1,196.56,151.06,207.48,1.91,172.9
519,169,92.95,182.52,140.27,192.66,1.77,160.55
549,103,56.65,111.24,85.49,117.42,1.08,97.85
580,87,47.85,93.96,72.21,99.18,0.91,82.65
611,173,95.15,186.84,143.59,197.22,1.82,164.35
641,100,55.0,108.0,83.0,114.0,1.05,95.0
672,407,223.85,439.56,337.81,463.98,4.27,386.65
702,296,162.8,319.68,245.68,337.44,3.11,281.2
467,170,93.5,183.6,141.1,193.8,1.79,161.5
468,137,75.35,147.96,113.71,156.18,1.44,130.15
469,168,92.4,181.44,139.44,191.52,1.76,159.6
470,180,99.0,194.4,149.4,205.2,1.89,171.0
471,84,46.2,90.72,69.72,95.76,0.88,79.8
472,114,62.7,123.12,94.62,129.96,1.2,108.3
473,157,86.35,169.56,130.31,178.98,1.65,149.15
474,198,108.9,213.84,164.34,225.72,2.08,188.1
475,203,111.65,219.24,168.49,231.42,2.13,192.85
476,236,129.8,254.88,195.88,269.04,2.48,224.2
477,247,135.85,266.76,205.01,281.58,2.59,234.65
478,221,121.55,238.68,183.43,251.94,2.32,209.95
479,251,138.05,271.08,208.33,286.14,2.64,238.45
480,215,118.25,232.2,178.45,245.1,2.26,204.25
481,256,140.8,276.48,212.48,291.84,2.69,243.2
482,264,145.2,285.12,219.12,300.96,2.77,250.8
483,248,136.4,267.84,205.84,282.72,2.6,235.6
484,250,137.5,270.0,207.5,285.0,2.63,237.5
369,407,223.85,439.56,337.81,463.98,4.27,386.65
400,382,210.1,412.56,317.06,435.48,4.01,362.9
428,140,77.0,151.2,116.2,159.6,1.47,133.0
459,264,145.2,285.12,219.12,300.96,2.77,250.8
489,227,124.85,245.16,188.41,258.78,2.38,215.65
520,192,105.6,207.36,159.36,218.88,2.02,182.4
550,106,58.3,114.48,87.98,120.84,1.11,100.7
581,105,57.75,113.4,87.15,119.7,1.1,99.75
612,95,52.25,102.6,78.85,108.3,1.0,90.25
642,98,53.9,105.84,81.34,111.72,1.03,93.1
673,324,178.2,349.92,268.92,369.36,3.4,307.8
703,382,210.1,412.56,317.06,435.48,4.01,362.9
497,322,177.1,347.76,267.26,367.08,3.38,305.9
498,153,84.15,165.24,126.99,174.42,1.61,145.35
499,186,102.3,200.88,154.38,212.04,1.95,176.7
500,187,102.85,201.96,155.21,213.18,1.96,177.65
501,265,145.75,286.2,219.95,302.1,2.78,251.75
502,105,57.75,113.4,87.15,119.7,1.1,99.75
503,185,101.75,199.8,153.55,210.9,1.94,175.75
504,206,113.3,222.48,170.98,234.84,2.16,195.7
505,190,104.5,205.2,157.7,216.6,2.0,180.5
506,158,86.9,170.64,131.14,180.12,1.66,150.1
507,223,122.65,240.84,185.09,254.22,2.34,211.85
508,123,67.65,132.84,102.09,140.22,1.29,116.85
509,121,66.55,130.68,100.43,137.94,1.27,114.95
510,142,78.1,153.36,117.86,161.88,1.49,134.9
511,160,88.0,172.8,132.8,182.4,1.68,152.0
512,177,97.35,191.16,146.91,201.78,1.86,168.15
513,185,101.75,199.8,153.55,210.9,1.94,175.75
514,218,119.9,235.44,180.94,248.52,2.29,207.1
515,280,154.0,302.4,232.4,319.2,2.94,266.0
370,336,184.8,362.88,278.88,383.04,3.53,319.2
401,352,193.6,380.16,292.16,401.28,3.7,334.4
429,186,102.3,200.88,154.38,212.04,1.95,176.7
460,266,146.3,287.28,220.78,303.24,2.79,252.7
490,249,136.95,268.92,206.67,283.86,2.61,236.55
521,206,113.3,222.48,170.98,234.84,2.16,195.7
551,88,48.4,95.04,73.04,100.32,0.92,83.6
582,76,41.8,82.08,63.08,86.64,0.8,72.2
613,90,49.5,97.2,74.7,102.6,0.95,85.5
643,127,69.85,137.16,105.41,144.78,1.33,120.65
674,214,117.7,231.12,177.62,243.96,2.25,203.3
704,404,222.2,436.32,335.32,460.56,4.24,383.8
528,175,96.25,189.0,145.25,199.5,1.84,166.25
529,171,94.05,184.68,141.93,194.94,1.8,162.45
530,224,123.2,241.92,185.92,255.36,2.35,212.8
531,178,97.9,192.24,147.74,202.92,1.87,169.1
532,123,67.65,132.84,102.09,140.22,1.29,116.85
533,97,53.35,104.76,80.51,110.58,1.02,92.15
534,199,109.45,214.92,165.17,226.86,2.09,189.05
535,141,77.55,152.28,117.03,160.74,1.48,133.95
536,177,97.35,191.16,146.91,201.78,1.86,168.15
537,189,103.95,204.12,156.87,215.46,1.98,179.55
538,148,81.4,159.84,122.84,168.72,1.55,140.6
539,109,59.95,117.72,90.47,124.26,1.14,103.55
540,133,73.15,143.64,110.39,151.62,1.4,126.35
541,162,89.1,174.96,134.46,184.68,1.7,153.9
542,184,101.2,198.72,152.72,209.76,1.93,174.8
543,191,105.05,206.28,158.53,217.74,2.01,181.45
544,231,127.05,249.48,191.73,263.34,2.43,219.45
545,237,130.35,255.96,196.71,270.18,2.49,225.15
371,333,183.15,359.64,276.39,379.62,3.5,316.35
402,176,96.8,190.08,146.08,200.64,1.85,167.2
430,217,119.35,234.36,180.11,247.38,2.28,206.15
461,302,166.1,326.16,250.66,344.28,3.17,286.9
491,294,161.7,317.52,244.02,335.16,3.09,279.3
522,173,95.15,186.84,143.59,197.22,1.82,164.35
552,91,50.05,98.28,75.53,103.74,0.96,86.45
583,75,41.25,81.0,62.25,85.5,0.79,71.25
614,82,45.1,88.56,68.06,93.48,0.86,77.9
644,130,71.5,140.4,107.9,148.2,1.37,123.5
675,309,169.95,333.72,256.47,352.26,3.24,293.55
705,371,204.05,400.68,307.93,422.94,3.9,352.45
558,275,151.25,297.0,228.25,313.5,2.89,261.25
559,235,129.25,253.8,195.05,267.9,2.47,223.25
560,168,92.4,181.44,139.44,191.52,1.76,159.6
561,93,51.15,100.44,77.19,106.02,0.98,88.35
562,73,40.15,78.84,60.59,83.22,0.77,69.35
563,85,46.75,91.8,70.55,96.9,0.89,80.75
564,145,79.75,156.6,120.35,165.3,1.52,137.75
565,124,68.2,133.92,102.92,141.36,1.3,117.8
566,108,59.4,116.64,89.64,123.12,1.13,102.6
567,112,61.6,120.96,92.96,127.68,1.18,106.4
568,148,81.4,159.84,122.84,168.72,1.55,140.6
569,164,90.2,177.12,136.12,186.96,1.72,155.8
570,78,42.9,84.24,64.74,88.92,0.82,74.1
571,81,44.55,87.48,67.23,92.34,0.85,76.95
572,61,33.55,65.88,50.63,69.54,0.64,57.95
573,64,35.2,69.12,53.12,72.96,0.67,60.8
574,65,35.75,70.2,53.95,74.1,0.68,61.75
575,80,44.0,86.4,66.4,91.2,0.84,76.0
576,80,44.0,86.4,66.4,91.2,0.84,76.0
372,320,176.0,345.6,265.6,364.8,3.36,304.0
403,144,79.2,155.52,119.52,164.16,1.51,136.8
431,197,108.35,212.76,163.51,224.58,2.07,187.15
462,264,145.2,285.12,219.12,300.96,2.77,250.8
492,357,196.35,385.56,296.31,406.98,3.75,339.15
523,181,99.55,195.48,150.23,206.34,1.9,171.95
553,127,69.85,137.16,105.41,144.78,1.33,120.65
584,79,43.45,85.32,65.57,90.06,0.83,75.05
615,77,42.35,83.16,63.91,87.78,0.81,73.15
645,112,61.6,120.96,92.96,127.68,1.18,106.4
676,330,181.5,356.4,273.9,376.2,3.47,313.5
706,391,215.05,422.28,324.53,445.74,4.11,371.45
589,69,37.95,74.52,57.27,78.66,0.72,65.55
590,63,34.65,68.04,52.29,71.82,0.66,59.85
591,75,41.25,81.0,62.25,85.5,0.79,71.25
592,53,29.15,57.24,43.99,60.42,0.56,50.35
593,49,26.95,52.92,40.67,55.86,0.51,46.55
594,49,26.95,52.92,40.67,55.86,0.51,46.55
595,81,44.55,87.48,67.23,92.34,0.85,76.95
596,97,53.35,104.76,80.51,110.58,1.02,92.15
597,109,59.95,117.72,90.47,124.26,1.14,103.55
598,123,67.65,132.84,102.09,140.22,1.29,116.85
599,129,70.95,139.32,107.07,147.06,1.35,122.55
600,147,80.85,158.76,122.01,167.58,1.54,139.65
601,91,50.05,98.28,75.53,103.74,0.96,86.45
602,66,36.3,71.28,54.78,75.24,0.69,62.7
603,117,64.35,126.36,97.11,133.38,1.23,111.15
604,105,57.75,113.4,87.15,119.7,1.1,99.75
605,91,50.05,98.28,75.53,103.74,0.96,86.45
606,101,55.55,109.08,83.83,115.14,1.06,95.95
607,114,62.7,123.12,94.62,129.96,1.2,108.3
373,288,158.4,311.04,239.04,328.32,3.02,273.6
404,158,86.9,170.64,131.14,180.12,1.66,150.1
432,187,102.85,201.96,155.21,213.18,1.96,177.65
463,204,112.2,220.32,169.32,232.56,2.14,193.8
493,347,190.85,374.76,288.01,395.58,3.64,329.65
524,239,131.45,258.12,198.37,272.46,2.51,227.05
554,126,69.3,136.08,104.58,143.64,1.32,119.7
585,75,41.25,81.0,62.25,85.5,0.79,71.25
616,108,59.4,116.64,89.64,123.12,1.13,102.6
646,173,95.15,186.84,143.59,197.22,1.82,164.35
677,283,155.65,305.64,234.89,322.62,2.97,268.85
707,343,188.65,370.44,284.69,391.02,3.6,325.85
620,86,47.3,92.88,71.38,98.04,0.9,81.7
621,72,39.6,77.76,59.76,82.08,0.76,68.4
622,72,39.6,77.76,59.76,82.08,0.76,68.4
623,105,57.75,113.4,87.15,119.7,1.1,99.75
624,135,74.25,145.8,112.05,153.9,1.42,128.25
625,110,60.5,118.8,91.3,125.4,1.16,104.5
626,66,36.3,71.28,54.78,75.24,0.69,62.7
627,90,49.5,97.2,74.7,102.6,0.95,85.5
628,114,62.7,123.12,94.62,129.96,1.2,108.3
629,67,36.85,72.36,55.61,76.38,0.7,63.65
630,83,45.65,89.64,68.89,94.62,0.87,78.85
631,94,51.7,101.52,78.02,107.16,0.99,89.3
632,90,49.5,97.2,74.7,102.6,0.95,85.5
633,74,40.7,79.92,61.42,84.36,0.78,70.3
634,63,34.65,68.04,52.29,71.82,0.66,59.85
635,67,36.85,72.36,55.61,76.38,0.7,63.65
636,60,33.0,64.8,49.8,68.4,0.63,57.0
637,68,37.4,73.44,56.44,77.52,0.71,64.6
374,292,160.6,315.36,242.36,332.88,3.07,277.4
405,276,151.8,298.08,229.08,314.64,2.9,262.2
433,160,88.0,172.8,132.8,182.4,1.68,152.0
464,238,130.9,257.04,197.54,271.32,2.5,226.1
494,277,152.35,299.16,229.91,315.78,2.91,263.15
525,207,113.85,223.56,171.81,235.98,2.17,196.65
555,148,81.4,159.84,122.84,168.72,1.55,140.6
586,59,32.45,63.72,48.97,67.26,0.62,56.05
617,137,75.35,147.96,113.71,156.18,1.44,130.15
647,211,116.05,227.88,175.13,240.54,2.22,200.45
678,321,176.55,346.68,266.43,365.94,3.37,304.95
708,369,202.95,398.52,306.27,420.66,3.87,350.55
650,270,148.5,291.6,224.1,307.8,2.84,256.5
651,252,138.6,272.16,209.16,287.28,2.65,239.4
652,270,148.5,291.6,224.1,307.8,2.84,256.5
653,304,167.2,328.32,252.32,346.56,3.19,288.8
654,284,156.2,306.72,235.72,323.76,2.98,269.8
655,248,136.4,267.84,205.84,282.72,2.6,235.6
656,161,88.55,173.88,133.63,183.54,1.69,152.95
657,238,130.9,257.04,197.54,271.32,2.5,226.1
658,249,136.95,268.92,206.67,283.86,2.61,236.55
659,207,113.85,223.56,171.81,235.98,2.17,196.65
660,242,133.1,261.36,200.86,275.88,2.54,229.9
661,311,171.05,335.88,258.13,354.54,3.27,295.45
662,284,156.2,306.72,235.72,323.76,2.98,269.8
663,287,157.85,309.96,238.21,327.18,3.01,272.65
664,337,185.35,363.96,279.71,384.18,3.54,320.15
665,368,202.4,397.44,305.44,419.52,3.86,349.6
666,400,220.0,432.0,332.0,456.0,4.2,380.0
667,419,230.45,452.52,347.77,477.66,4.4,398.05
668,410,225.5,442.8,340.3,467.4,4.31,389.5
375,371,204.05,400.68,307.93,422.94,3.9,352.45
406,309,169.95,333.72,256.47,352.26,3.24,293.55
434,187,102.85,201.96,155.21,213.18,1.96,177.65
465,183,100.65,197.64,151.89,208.62,1.92,173.85
495,251,138.05,271.08,208.33,286.14,2.64,238.45
526,307,168.85,331.56,254.81,349.98,3.22,291.65
556,317,174.35,342.36,263.11,361.38,3.33,301.15
587,68,37.4,73.44,56.44,77.52,0.71,64.6
618,168,92.4,181.44,139.44,191.52,1.76,159.6
648,216,118.8,233.28,179.28,246.24,2.27,205.2
679,360,198.0,388.8,298.8,410.4,3.78,342.0
709,408,224.4,440.64,338.64,465.12,4.28,387.6
681,456,250.8,492.48,378.48,519.84,4.79,433.2
682,463,254.65,500.04,384.29,527.82,4.86,439.85
683,458,251.9,494.64,380.14,522.12,4.81,435.1
684,357,196.35,385.56,296.31,406.98,3.75,339.15
685,215,118.25,232.2,178.45,245.1,2.26,204.25
686,214,117.7,231.12,177.62,243.96,2.25,203.3
687,242,133.1,261.36,200.86,275.88,2.54,229.9
688,301,165.55,325.08,249.83,343.14,3.16,285.95
689,366,201.3,395.28,303.78,417.24,3.84,347.7
690,360,198.0,388.8,298.8,410.4,3.78,342.0
691,312,171.6,336.96,258.96,355.68,3.28,296.4
692,234,128.7,252.72,194.22,266.76,2.46,222.3
693,252,138.6,272.16,209.16,287.28,2.65,239.4
694,270,148.5,291.6,224.1,307.8,2.84,256.5
695,134,73.7,144.72,111.22,152.76,1.41,127.3
696,106,58.3,114.48,87.98,120.84,1.11,100.7
697,84,46.2,90.72,69.72,95.76,0.88,79.8
698,193,106.15,208.44,160.19,220.02,2.03,183.35
376,423,232.65,456.84,351.09,482.22,4.44,401.85
407,342,188.1,369.36,283.86,389.88,3.59,324.9
435,134,73.7,144.72,111.22,152.76,1.41,127.3
466,212,116.6,228.96,175.96,241.68,2.23,201.4
496,334,183.7,360.72,277.22,380.76,3.51,317.3
527,233,128.15,251.64,193.39,265.62,2.45,221.35
557,272,149.6,293.76,225.76,310.08,2.86,258.4
588,57,31.35,61.56,47.31,64.98,0.6,54.15
619,151,83.05,163.08,125.33,172.14,1.59,143.45
649,222,122.1,239.76,184.26,253.08,2.33,210.9
680,425,233.75,459.0,352.75,484.5,4.46,403.75
710,430,236.5,464.4,356.9,490.2,4.52,408.5
711,240,132.0,259.2,199.2,273.6,2.52,228.0
712,163,89.65,176.04,135.29,185.82,1.71,154.85
713,213,117.15,230.04,176.79,242.82,2.24,202.35
714,186,102.3,200.88,154.38,212.04,1.95,176.7
715,168,92.4,181.44,139.44,191.52,1.76,159.6
716,292,160.6,315.36,242.36,332.88,3.07,277.4
717,362,199.1,390.96,300.46,412.68,3.8,343.9
718,432,237.6,466.56,358.56,492.48,4.54,410.4
719,418,229.9,451.44,346.94,476.52,4.39,397.1
720,322,177.1,347.76,267.26,367.08,3.38,305.9
721,327,179.85,353.16,271.41,372.78,3.43,310.65
722,383,210.65,413.64,317.89,436.62,4.02,363.85
723,350,192.5,378.0,290.5,399.0,3.68,332.5
724,349,191.95,376.92,289.67,397.86,3.66,331.55
725,373,205.15,402.84,309.59,425.22,3.92,354.35
726,409,224.95,441.72,339.47,466.26,4.29,388.55
727,431,237.05,465.48,357.73,491.34,4.53,409.45
728,446,245.3,481.68,370.18,508.44,4.68,423.7
729,387,212.85,417.96,321.21,441.18,4.06,367.65
730,437,240.35,471.96,362.71,498.18,4.59,415.15
761,232,127.6,250.56,192.56,264.48,2.44,220.4
789,90,49.5,97.2,74.7,102.6,0.95,85.5
820,73,40.15,78.84,60.59,83.22,0.77,69.35
850,146,80.3,157.68,121.18,166.44,1.53,138.7
881,104,57.2,112.32,86.32,118.56,1.09,98.8
911,117,64.35,126.36,97.11,133.38,1.23,111.15
942,81,44.55,87.48,67.23,92.34,0.85,76.95
973,53,29.15,57.24,43.99,60.42,0.56,50.35
1003,152,83.6,164.16,126.16,173.28,1.6,144.4
1034,364,200.2,393.12,302.12,414.96,3.82,345.8
1064,367,201.85,396.36,304.61,418.38,3.85,348.65
742,366,201.3,395.28,303.78,417.24,3.84,347.7
743,283,155.65,305.64,234.89,322.62,2.97,268.85
744,218,119.9,235.44,180.94,248.52,2.29,207.1
745,281,154.55,303.48,233.23,320.34,2.95,266.95
746,265,145.75,286.2,219.95,302.1,2.78,251.75
747,243,133.65,262.44,201.69,277.02,2.55,230.85
748,277,152.35,299.16,229.91,315.78,2.91,263.15
749,269,147.95,290.52,223.27,306.66,2.82,255.55
750,364,200.2,393.12,302.12,414.96,3.82,345.8
751,370,203.5,399.6,307.1,421.8,3.89,351.5
752,211,116.05,227.88,175.13,240.54,2.22,200.45
753,151,83.05,163.08,125.33,172.14,1.59,143.45
754,250,137.5,270.0,207.5,285.0,2.63,237.5
755,325,178.75,351.0,269.75,370.5,3.41,308.75
756,345,189.75,372.6,286.35,393.3,3.62,327.75
757,243,133.65,262.44,201.69,277.02,2.55,230.85
758,194,106.7,209.52,161.02,221.16,2.04,184.3
759,202,111.1,218.16,167.66,230.28,2.12,191.9
760,190,104.5,205.2,157.7,216.6,2.0,180.5
731,417,229.35,450.36,346.11,475.38,4.38,396.15
762,244,134.2,263.52,202.52,278.16,2.56,231.8
790,205,112.75,221.4,170.15,233.7,2.15,194.75
821,69,37.95,74.52,57.27,78.66,0.72,65.55
851,112,61.6,120.96,92.96,127.68,1.18,106.4
882,124,68.2,133.92,102.92,141.36,1.3,117.8
912,127,69.85,137.16,105.41,144.78,1.33,120.65
943,61,33.55,65.88,50.63,69.54,0.64,57.95
974,69,37.95,74.52,57.27,78.66,0.72,65.55
1004,180,99.0,194.4,149.4,205.2,1.89,171.0
1035,293,161.15,316.44,243.19,334.02,3.08,278.35
1065,373,205.15,402.84,309.59,425.22,3.92,354.35
773,241,132.55,260.28,200.03,274.74,2.53,228.95
774,173,95.15,186.84,143.59,197.22,1.82,164.35
775,167,91.85,180.36,138.61,190.38,1.75,158.65
776,247,135.85,266.76,205.01,281.58,2.59,234.65
777,293,161.15,316.44,243.19,334.02,3.08,278.35
778,252,138.6,272.16,209.16,287.28,2.65,239.4
779,272,149.6,293.76,225.76,310.08,2.86,258.4
780,230,126.5,248.4,190.9,262.2,2.42,218.5
781,144,79.2,155.52,119.52,164.16,1.51,136.8
782,100,55.0,108.0,83.0,114.0,1.05,95.0
783,225,123.75,243.0,186.75,256.5,2.36,213.75
784,142,78.1,153.36,117.86,161.88,1.49,134.9
785,249,136.95,268.92,206.67,283.86,2.61,236.55
786,274,150.7,295.92,227.42,312.36,2.88,260.3
787,233,128.15,251.64,193.39,265.62,2.45,221.35
788,198,108.9,213.84,164.34,225.72,2.08,188.1
732,352,193.6,380.16,292.16,401.28,3.7,334.4
763,270,148.5,291.6,224.1,307.8,2.84,256.5
791,205,112.75,221.4,170.15,233.7,2.15,194.75
822,79,43.45,85.32,65.57,90.06,0.83,75.05
852,93,51.15,100.44,77.19,106.02,0.98,88.35
883,122,67.1,131.76,101.26,139.08,1.28,115.9
913,156,85.8,168.48,129.48,177.84,1.64,148.2
944,67,36.85,72.36,55.61,76.38,0.7,63.65
975,84,46.2,90.72,69.72,95.76,0.88,79.8
1005,189,103.95,204.12,156.87,215.46,1.98,179.55
1036,302,166.1,326.16,250.66,344.28,3.17,286.9
1066,341,187.55,368.28,283.03,388.74,3.58,323.95
801,173,95.15,186.84,143.59,197.22,1.82,164.35
802,108,59.4,116.64,89.64,123.12,1.13,102.6
803,131,72.05,141.48,108.73,149.34,1.38,124.45
804,139,76.45,150.12,115.37,158.46,1.46,132.05
805,157,86.35,169.56,130.31,178.98,1.65,149.15
806,151,83.05,163.08,125.33,172.14,1.59,143.45
807,186,102.3,200.88,154.38,212.04,1.95,176.7
808,192,105.6,207.36,159.36,218.88,2.02,182.4
809,186,102.3,200.88,154.38,212.04,1.95,176.7
810,191,105.05,206.28,158.53,217.74,2.01,181.45
811,124,68.2,133.92,102.92,141.36,1.3,117.8
812,122,67.1,131.76,101.26,139.08,1.28,115.9
813,77,42.35,83.16,63.91,87.78,0.81,73.15
814,92,50.6,99.36,76.36,104.88,0.97,87.4
815,69,37.95,74.52,57.27,78.66,0.72,65.55
816,45,24.75,48.6,37.35,51.3,0.47,42.75
817,62,34.1,66.96,51.46,70.68,0.65,58.9
818,71,39.05,76.68,58.93,80.94,0.75,67.45
819,76,41.8,82.08,63.08,86.64,0.8,72.2
733,334,183.7,360.72,277.22,380.76,3.51,317.3
764,310,170.5,334.8,257.3,353.4,3.26,294.5
792,195,107.25,210.6,161.85,222.3,2.05,185.25
823,87,47.85,93.96,72.21,99.18,0.91,82.65
853,94,51.7,101.52,78.02,107.16,0.99,89.3
884,153,84.15,165.24,126.99,174.42,1.61,145.35
914,105,57.75,113.4,87.15,119.7,1.1,99.75
945,62,34.1,66.96,51.46,70.68,0.65,58.9
976,82,45.1,88.56,68.06,93.48,0.86,77.9
1006,184,101.2,198.72,152.72,209.76,1.93,174.8
1037,343,188.65,370.44,284.69,391.02,3.6,325.85
1067,382,210.1,412.56,317.06,435.48,4.01,362.9
832,126,69.3,136.08,104.58,143.64,1.32,119.7
833,130,71.5,140.4,107.9,148.2,1.37,123.5
834,155,85.25,167.4,128.65,176.7,1.63,147.25
835,180,99.0,194.4,149.4,205.2,1.89,171.0
836,105,57.75,113.4,87.15,119.7,1.1,99.75
837,98,53.9,105.84,81.34,111.72,1.03,93.1
838,85,46.75,91.8,70.55,96.9,0.89,80.75
839,119,65.45,128.52,98.77,135.66,1.25,113.05
840,87,47.85,93.96,72.21,99.18,0.91,82.65
841,131,72.05,141.48,108.73,149.34,1.38,124.45
842,122,67.1,131.76,101.26,139.08,1.28,115.9
843,139,76.45,150.12,115.37,158.46,1.46,132.05
844,98,53.9,105.84,81.34,111.72,1.03,93.1
845,117,64.35,126.36,97.11,133.38,1.23,111.15
846,89,48.95,96.12,73.87,101.46,0.93,84.55
847,100,55.0,108.0,83.0,114.0,1.05,95.0
848,125,68.75,135.0,103.75,142.5,1.31,118.75
849,138,75.9,149.04,114.54,157.32,1.45,131.1
734,330,181.5,356.4,273.9,376.2,3.47,313.5
765,312,171.6,336.96,258.96,355.68,3.28,296.4
793,79,43.45,85.32,65.57,90.06,0.83,75.05
824,102,56.1,110.16,84.66,116.28,1.07,96.9
854,119,65.45,128.52,98.77,135.66,1.25,113.05
885,111,61.05,119.88,92.13,126.54,1.17,105.45
915,90,49.5,97.2,74.7,102.6,0.95,85.5
946,86,47.3,92.88,71.38,98.04,0.9,81.7
977,101,55.55,109.08,83.83,115.14,1.06,95.95
1007,179,98.45,193.32,148.57,204.06,1.88,170.05
1038,450,247.5,486.0,373.5,513.0,4.73,427.5
1068,404,222.2,436.32,335.32,460.56,4.24,383.8
862,150,82.5,162.0,124.5,171.0,1.58,142.5
863,149,81.95,160.92,123.67,169.86,1.56,141.55
864,123,67.65,132.84,102.09,140.22,1.29,116.85
865,179,98.45,193.32,148.57,204.06,1.88,170.05
866,200,110.0,216.0,166.0,228.0,2.1,190.0
867,206,113.3,222.48,170.98,234.84,2.16,195.7
868,212,116.6,228.96,175.96,241.68,2.23,201.4
869,166,91.3,179.28,137.78,189.24,1.74,157.7
870,147,80.85,158.76,122.01,167.58,1.54,139.65
871,199,109.45,214.92,165.17,226.86,2.09,189.05
872,181,99.55,195.48,150.23,206.34,1.9,171.95
873,172,94.6,185.76,142.76,196.08,1.81,163.4
874,153,84.15,165.24,126.99,174.42,1.61,145.35
875,154,84.7,166.32,127.82,175.56,1.62,146.3
876,156,85.8,168.48,129.48,177.84,1.64,148.2
877,188,103.4,203.04,156.04,214.32,1.97,178.6
878,101,55.55,109.08,83.83,115.14,1.06,95.95
879,78,42.9,84.24,64.74,88.92,0.82,74.1
880,72,39.6,77.76,59.76,82.08,0.76,68.4
735,325,178.75,351.0,269.75,370.5,3.41,308.75
766,231,127.05,249.48,191.73,263.34,2.43,219.45
794,64,35.2,69.12,53.12,72.96,0.67,60.8
825,142,78.1,153.36,117.86,161.88,1.49,134.9
855,139,76.45,150.12,115.37,158.46,1.46,132.05
886,102,56.1,110.16,84.66,116.28,1.07,96.9
916,90,49.5,97.2,74.7,102.6,0.95,85.5
947,69,37.95,74.52,57.27,78.66,0.72,65.55
978,70,38.5,75.6,58.1,79.8,0.74,66.5
1008,178,97.9,192.24,147.74,202.92,1.87,169.1
1039,406,223.3,438.48,336.98,462.84,4.26,385.7
1069,389,213.95,420.12,322.87,443.46,4.08,369.55
893,123,67.65,132.84,102.09,140.22,1.29,116.85
894,154,84.7,166.32,127.82,175.56,1.62,146.3
895,115,63.25,124.2,95.45,131.1,1.21,109.25
896,118,64.9,127.44,97.94,134.52,1.24,112.1
897,109,59.95,117.72,90.47,124.26,1.14,103.55
898,95,52.25,102.6,78.85,108.3,1.0,90.25
899,148,81.4,159.84,122.84,168.72,1.55,140.6
900,149,81.95,160.92,123.67,169.86,1.56,141.55
901,98,53.9,105.84,81.34,111.72,1.03,93.1
902,92,50.6,99.36,76.36,104.88,0.97,87.4
903,76,41.8,82.08,63.08,86.64,0.8,72.2
904,66,36.3,71.28,54.78,75.24,0.69,62.7
905,85,46.75,91.8,70.55,96.9,0.89,80.75
906,105,57.75,113.4,87.15,119.7,1.1,99.75
907,108,59.4,116.64,89.64,123.12,1.13,102.6
908,209,114.95,225.72,173.47,238.26,2.19,198.55
909,230,126.5,248.4,190.9,262.2,2.42,218.5
910,102,56.1,110.16,84.66,116.28,1.07,96.9
736,254,139.7,274.32,210.82,289.56,2.67,241.3
767,295,162.25,318.6,244.85,336.3,3.1,280.25
795,67,36.85,72.36,55.61,76.38,0.7,63.65
826,90,49.5,97.2,74.7,102.6,0.95,85.5
856,127,69.85,137.16,105.41,144.78,1.33,120.65
887,107,58.85,115.56,88.81,121.98,1.12,101.65
917,65,35.75,70.2,53.95,74.1,0.68,61.75
948,54,29.7,58.32,44.82,61.56,0.57,51.3
979,93,51.15,100.44,77.19,106.02,0.98,88.35
1009,215,118.25,232.2,178.45,245.1,2.26,204.25
1040,427,234.85,461.16,354.41,486.78,4.48,405.65
1070,400,220.0,432.0,332.0,456.0,4.2,380.0
923,72,39.6,77.76,59.76,82.08,0.76,68.4
924,127,69.85,137.16,105.41,144.78,1.33,120.65
925,124,68.2,133.92,102.92,141.36,1.3,117.8
926,72,39.6,77.76,59.76,82.08,0.76,68.4
927,79,43.45,85.32,65.57,90.06,0.83,75.05
928,92,50.6,99.36,76.36,104.88,0.97,87.4
929,65,35.75,70.2,53.95,74.1,0.68,61.75
930,60,33.0,64.8,49.8,68.4,0.63,57.0
931,61,33.55,65.88,50.63,69.54,0.64,57.95
932,59,32.45,63.72,48.97,67.26,0.62,56.05
933,65,35.75,70.2,53.95,74.1,0.68,61.75
934,100,55.0,108.0,83.0,114.0,1.05,95.0
935,67,36.85,72.36,55.61,76.38,0.7,63.65
936,78,42.9,84.24,64.74,88.92,0.82,74.1
937,100,55.0,108.0,83.0,114.0,1.05,95.0
938,72,39.6,77.76,59.76,82.08,0.76,68.4
939,90,49.5,97.2,74.7,102.6,0.95,85.5
940,55,30.25,59.4,45.65,62.7,0.58,52.25
941,75,41.25,81.0,62.25,85.5,0.79,71.25
737,266,146.3,287.28,220.78,303.24,2.79,252.7
768,289,158.95,312.12,239.87,329.46,3.03,274.55
796,164,90.2,177.12,136.12,186.96,1.72,155.8
827,83,45.65,89.64,68.89,94.62,0.87,78.85
857,134,73.7,144.72,111.22,152.76,1.41,127.3
888,108,59.4,116.64,89.64,123.12,1.13,102.6
918,51,28.05,55.08,42.33,58.14,0.54,48.45
949,87,47.85,93.96,72.21,99.18,0.91,82.65
980,79,43.45,85.32,65.57,90.06,0.83,75.05
1010,208,114.4,224.64,172.64,237.12,2.18,197.6
1041,416,228.8,449.28,345.28,474.24,4.37,395.2
1071,383,210.65,413.64,317.89,436.62,4.02,363.85
954,50,27.5,54.0,41.5,57.0,0.53,47.5
955,58,31.9,62.64,48.14,66.12,0.61,55.1
956,67,36.85,72.36,55.61,76.38,0.7,63.65
957,52,28.6,56.16,43.16,59.28,0.55,49.4
958,66,36.3,71.28,54.78,75.24,0.69,62.7
959,72,39.6,77.76,59.76,82.08,0.76,68.4
960,57,31.35,61.56,47.31,64.98,0.6,54.15
961,50,27.5,54.0,41.5,57.0,0.53,47.5
962,57,31.35,61.56,47.31,64.98,0.6,54.15
963,53,29.15,57.24,43.99,60.42,0.56,50.35
964,53,29.15,57.24,43.99,60.42,0.56,50.35
965,45,24.75,48.6,37.35,51.3,0.47,42.75
966,61,33.55,65.88,50.63,69.54,0.64,57.95
967,57,31.35,61.56,47.31,64.98,0.6,54.15
968,64,35.2,69.12,53.12,72.96,0.67,60.8
969,79,43.45,85.32,65.57,90.06,0.83,75.05
970,77,42.35,83.16,63.91,87.78,0.81,73.15
971,70,38.5,75.6,58.1,79.8,0.74,66.5
972,41,22.55,44.28,34.03,46.74,0.43,38.95
738,203,111.65,219.24,168.49,231.42,2.13,192.85
769,285,156.75,307.8,236.55,324.9,2.99,270.75
797,123,67.65,132.84,102.09,140.22,1.29,116.85
828,86,47.3,92.88,71.38,98.04,0.9,81.7
858,144,79.2,155.52,119.52,164.16,1.51,136.8
889,139,76.45,150.12,115.37,158.46,1.46,132.05
919,78,42.9,84.24,64.74,88.92,0.82,74.1
950,74,40.7,79.92,61.42,84.36,0.78,70.3
981,105,57.75,113.4,87.15,119.7,1.1,99.75
1011,202,111.1,218.16,167.66,230.28,2.12,191.9
1042,477,262.35,515.16,395.91,543.78,5.01,453.15
1072,358,196.9,386.64,297.14,408.12,3.76,340.1
985,142,78.1,153.36,117.86,161.88,1.49,134.9
986,152,83.6,164.16,126.16,173.28,1.6,144.4
987,144,79.2,155.52,119.52,164.16,1.51,136.8
988,151,83.05,163.08,125.33,172.14,1.59,143.45
989,120,66.0,129.6,99.6,136.8,1.26,114.0
990,108,59.4,116.64,89.64,123.12,1.13,102.6
991,118,64.9,127.44,97.94,134.52,1.24,112.1
992,148,81.4,159.84,122.84,168.72,1.55,140.6
993,142,78.1,153.36,117.86,161.88,1.49,134.9
994,115,63.25,124.2,95.45,131.1,1.21,109.25
995,76,41.8,82.08,63.08,86.64,0.8,72.2
996,104,57.2,112.32,86.32,118.56,1.09,98.8
997,143,78.65,154.44,118.69,163.02,1.5,135.85
998,165,90.75,178.2,136.95,188.1,1.73,156.75
999,117,64.35,126.36,97.11,133.38,1.23,111.15
1000,159,87.45,171.72,131.97,181.26,1.67,151.05
1001,177,97.35,191.16,146.91,201.78,1.86,168.15
1002,156,85.8,168.48,129.48,177.84,1.64,148.2
739,255,140.25,275.4,211.65,290.7,2.68,242.25
770,309,169.95,333.72,256.47,352.26,3.24,293.55
798,188,103.4,203.04,156.04,214.32,1.97,178.6
829,118,64.9,127.44,97.94,134.52,1.24,112.1
859,121,66.55,130.68,100.43,137.94,1.27,114.95
890,152,83.6,164.16,126.16,173.28,1.6,144.4
920,67,36.85,72.36,55.61,76.38,0.7,63.65
951,72,39.6,77.76,59.76,82.08,0.76,68.4
982,108,59.4,116.64,89.64,123.12,1.13,102.6
1012,221,121.55,238.68,183.43,251.94,2.32,209.95
1043,476,261.8,514.08,395.08,542.64,5.0,452.2
1073,284,156.2,306.72,235.72,323.76,2.98,269.8
1015,300,165.0,324.0,249.0,342.0,3.15,285.0
1016,276,151.8,298.08,229.08,314.64,2.9,262.2
1017,312,171.6,336.96,258.96,355.68,3.28,296.4
1018,237,130.35,255.96,196.71,270.18,2.49,225.15
1019,287,157.85,309.96,238.21,327.18,3.01,272.65
1020,254,139.7,274.32,210.82,289.56,2.67,241.3
1021,244,134.2,263.52,202.52,278.16,2.56,231.8
1022,223,122.65,240.84,185.09,254.22,2.34,211.85
1023,256,140.8,276.48,212.48,291.84,2.69,243.2
1024,296,162.8,319.68,245.68,337.44,3.11,281.2
1025,366,201.3,395.28,303.78,417.24,3.84,347.7
1026,345,189.75,372.6,286.35,393.3,3.62,327.75
1027,349,191.95,376.92,289.67,397.86,3.66,331.55
1028,353,194.15,381.24,292.99,402.42,3.71,335.35
1029,312,171.6,336.96,258.96,355.68,3.28,296.4
1030,297,163.35,320.76,246.51,338.58,3.12,282.15
1031,395,217.25,426.6,327.85,450.3,4.15,375.25
1032,374,205.7,403.92,310.42,426.36,3.93,355.3
1033,367,201.85,396.36,304.61,418.38,3.85,348.65
740,288,158.4,311.04,239.04,328.32,3.02,273.6
771,323,177.65,348.84,268.09,368.22,3.39,306.85
799,116,63.8,125.28,96.28,132.24,1.22,110.2
830,124,68.2,133.92,102.92,141.36,1.3,117.8
860,116,63.8,125.28,96.28,132.24,1.22,110.2
891,141,77.55,152.28,117.03,160.74,1.48,133.95
921,68,37.4,73.44,56.44,77.52,0.71,64.6
952,75,41.25,81.0,62.25,85.5,0.79,71.25
983,136,74.8,146.88,112.88,155.04,1.43,129.2
1013,216,118.8,233.28,179.28,246.24,2.27,205.2
1044,344,189.2,371.52,285.52,392.16,3.61,326.8
1074,295,162.25,318.6,244.85,336.3,3.1,280.25
1046,339,186.45,366.12,281.37,386.46,3.56,322.05
1047,414,227.7,447.12,343.62,471.96,4.35,393.3
1048,435,239.25,469.8,361.05,495.9,4.57,413.25
1049,221,121.55,238.68,183.43,251.94,2.32,209.95
1050,171,94.05,184.68,141.93,194.94,1.8,162.45
1051,211,116.05,227.88,175.13,240.54,2.22,200.45
1052,283,155.65,305.64,234.89,322.62,2.97,268.85
1053,296,162.8,319.68,245.68,337.44,3.11,281.2
1054,251,138.05,271.08,208.33,286.14,2.64,238.45
1055,274,150.7,295.92,227.42,312.36,2.88,260.3
1056,295,162.25,318.6,244.85,336.3,3.1,280.25
1057,379,208.45,409.32,314.57,432.06,3.98,360.05
1058,413,227.15,446.04,342.79,470.82,4.34,392.35
1059,302,166.1,326.16,250.66,344.28,3.17,286.9
1060,137,75.35,147.96,113.71,156.18,1.44,130.15
1061,231,127.05,249.48,191.73,263.34,2.43,219.45
1062,256,140.8,276.48,212.48,291.84,2.69,243.2
1063,318,174.9,343.44,263.94,362.52,3.34,302.1
741,348,191.4,375.84,288.84,396.72,3.65,330.6
772,320,176.0,345.6,265.6,364.8,3.36,304.0
800,127,69.85,137.16,105.41,144.78,1.33,120.65
831,94,51.7,101.52,78.02,107.16,0.99,89.3
861,125,68.75,135.0,103.75,142.5,1.31,118.75
892,153,84.15,165.24,126.99,174.42,1.61,145.35
922,71,39.05,76.68,58.93,80.94,0.75,67.45
953,63,34.65,68.04,52.29,71.82,0.66,59.85
984,144,79.2,155.52,119.52,164.16,1.51,136.8
1014,261,143.55,281.88,216.63,297.54,2.74,247.95
1045,314,172.7,339.12,260.62,357.96,3.3,298.3
1075,356,195.8,384.48,295.48,405.84,3.74,338.2
1076,305,167.75,329.4,253.15,347.7,3.2,289.75
1077,160,88.0,172.8,132.8,182.4,1.68,152.0
1078,230,126.5,248.4,190.9,262.2,2.42,218.5
1079,262,144.1,282.96,217.46,298.68,2.75,248.9
1080,256,140.8,276.48,212.48,291.84,2.69,243.2
1081,281,154.55,303.48,233.23,320.34,2.95,266.95
1082,290,159.5,313.2,240.7,330.6,3.05,275.5
1083,321,176.55,346.68,266.43,365.94,3.37,304.95
1084,332,182.6,358.56,275.56,378.48,3.49,315.4
1085,418,229.9,451.44,346.94,476.52,4.39,397.1
1086,433,238.15,467.64,359.39,493.62,4.55,411.35
1087,423,232.65,456.84,351.09,482.22,4.44,401.85
1088,357,196.35,385.56,296.31,406.98,3.75,339.15
1089,337,185.35,363.96,279.71,384.18,3.54,320.15
1090,396,217.8,427.68,328.68,451.44,4.16,376.2
1091,253,139.15,273.24,209.99,288.42,2.66,240.35
1092,265,145.75,286.2,219.95,302.1,2.78,251.75
1093,290,159.5,313.2,240.7,330.6,3.05,275.5
1094,347,190.85,374.76,288.01,395.58,3.64,329.65
1095,441,242.55,476.28,366.03,502.74,4.63,418.95
1126,352,193.6,380.16,292.16,401.28,3.7,334.4
1154,177,97.35,191.16,146.91,201.78,1.86,168.15
1185,182,100.1,196.56,151.06,207.48,1.91,172.9
1215,238,130.9,257.04,197.54,271.32,2.5,226.1
1246,115,63.25,124.2,95.45,131.1,1.21,109.25
1276,266,146.3,287.28,220.78,303.24,2.79,252.7
1307,81,44.55,87.48,67.23,92.34,0.85,76.95
1338,64,35.2,69.12,53.12,72.96,0.67,60.8
1368,108,59.4,116.64,89.64,123.12,1.13,102.6
1399,281,154.55,303.48,233.23,320.34,2.95,266.95
1429,370,203.5,399.6,307.1,421.8,3.89,351.5
1107,354,194.7,382.32,293.82,403.56,3.72,336.3
1108,429,235.95,463.32,356.07,489.06,4.5,407.55
1109,460,253.0,496.8,381.8,524.4,4.83,437.0
1110,407,223.85,439.56,337.81,463.98,4.27,386.65
1111,347,190.85,374.76,288.01,395.58,3.64,329.65
1112,372,204.6,401.76,308.76,424.08,3.91,353.4
1113,404,222.2,436.32,335.32,460.56,4.24,383.8
1114,283,155.65,305.64,234.89,322.62,2.97,268.85
1115,296,162.8,319.68,245.68,337.44,3.11,281.2
1116,364,200.2,393.12,302.12,414.96,3.82,345.8
1117,326,179.3,352.08,270.58,371.64,3.42,309.7
1118,363,199.65,392.04,301.29,413.82,3.81,344.85
1119,323,177.65,348.84,268.09,368.22,3.39,306.85
1120,330,181.5,356.4,273.9,376.2,3.47,313.5
1121,318,174.9,343.44,263.94,362.52,3.34,302.1
1122,357,196.35,385.56,296.31,406.98,3.75,339.15
1123,387,212.85,417.96,321.21,441.18,4.06,367.65
1124,309,169.95,333.72,256.47,352.26,3.24,293.55
1125,289,158.95,312.12,239.87,329.46,3.03,274.55
1096,443,243.65,478.44,367.69,505.02,4.65,420.85
1127,364,200.2,393.12,302.12,414.96,3.82,345.8
1155,175,96.25,189.0,145.25,199.5,1.84,166.25
1186,176,96.8,190.08,146.08,200.64,1.85,167.2
1216,174,95.7,187.92,144.42,198.36,1.83,165.3
1247,143,78.65,154.44,118.69,163.02,1.5,135.85
1277,245,134.75,264.6,203.35,279.3,2.57,232.75
1308,95,52.25,102.6,78.85,108.3,1.0,90.25
1339,64,35.2,69.12,53.12,72.96,0.67,60.8
1369,125,68.75,135.0,103.75,142.5,1.31,118.75
1400,303,166.65,327.24,251.49,345.42,3.18,287.85
1430,429,235.95,463.32,356.07,489.06,4.5,407.55
1138,334,183.7,360.72,277.22,380.76,3.51,317.3
1139,351,193.05,379.08,291.33,400.14,3.69,333.45
1140,313,172.15,338.04,259.79,356.82,3.29,297.35
1141,327,179.85,353.16,271.41,372.78,3.43,310.65
1142,324,178.2,349.92,268.92,369.36,3.4,307.8
1143,302,166.1,326.16,250.66,344.28,3.17,286.9
1144,311,171.05,335.88,258.13,354.54,3.27,295.45
1145,249,136.95,268.92,206.67,283.86,2.61,236.55
1146,297,163.35,320.76,246.51,338.58,3.12,282.15
1147,288,158.4,311.04,239.04,328.32,3.02,273.6
1148,250,137.5,270.0,207.5,285.0,2.63,237.5
1149,278,152.9,300.24,230.74,316.92,2.92,264.1
1150,298,163.9,321.84,247.34,339.72,3.13,283.1
1151,229,125.95,247.32,190.07,261.06,2.4,217.55
1152,203,111.65,219.24,168.49,231.42,2.13,192.85
1153,208,114.4,224.64,172.64,237.12,2.18,197.6
1097,354,194.7,382.32,293.82,403.56,3.72,336.3
1128,330,181.5,356.4,273.9,376.2,3.47,313.5
1156,188,103.4,203.04,156.04,214.32,1.97,178.6
1187,159,87.45,171.72,131.97,181.26,1.67,151.05
1217,245,134.75,264.6,203.35,279.3,2.57,232.75
1248,159,87.45,171.72,131.97,181.26,1.67,151.05
1278,139,76.45,150.12,115.37,158.46,1.46,132.05
1309,71,39.05,76.68,58.93,80.94,0.75,67.45
1340,70,38.5,75.6,58.1,79.8,0.74,66.5
1370,105,57.75,113.4,87.15,119.7,1.1,99.75
1401,314,172.7,339.12,260.62,357.96,3.3,298.3
1431,346,190.3,373.68,287.18,394.44,3.63,328.7
1166,209,114.95,225.72,173.47,238.26,2.19,198.55
1167,209,114.95,225.72,173.47,238.26,2.19,198.55
1168,206,113.3,222.48,170.98,234.84,2.16,195.7
1169,258,141.9,278.64,214.14,294.12,2.71,245.1
1170,311,171.05,335.88,258.13,354.54,3.27,295.45
1171,315,173.25,340.2,261.45,359.1,3.31,299.25
1172,279,153.45,301.32,231.57,318.06,2.93,265.05
1173,234,128.7,252.72,194.22,266.76,2.46,222.3
1174,244,134.2,263.52,202.52,278.16,2.56,231.8
1175,196,107.8,211.68,162.68,223.44,2.06,186.2
1176,244,134.2,263.52,202.52,278.16,2.56,231.8
1177,175,96.25,189.0,145.25,199.5,1.84,166.25
1178,148,81.4,159.84,122.84,168.72,1.55,140.6
1179,150,82.5,162.0,124.5,171.0,1.58,142.5
1180,199,109.45,214.92,165.17,226.86,2.09,189.05
1181,233,128.15,251.64,193.39,265.62,2.45,221.35
1182,225,123.75,243.0,186.75,256.5,2.36,213.75
1183,232,127.6,250.56,192.56,264.48,2.44,220.4
1184,203,111.65,219.24,168.49,231.42,2.13,192.85
1098,151,83.05,163.08,125.33,172.14,1.59,143.45
1129,316,173.8,341.28,262.28,360.24,3.32,300.2
1157,278,152.9,300.24,230.74,316.92,2.92,264.1
1188,171,94.05,184.68,141.93,194.94,1.8,162.45
1218,173,95.15,186.84,143.59,197.22,1.82,164.35
1249,196,107.8,211.68,162.68,223.44,2.06,186.2
1279,140,77.0,151.2,116.2,159.6,1.47,133.0
1310,69,37.95,74.52,57.27,78.66,0.72,65.55
1341,68,37.4,73.44,56.44,77.52,0.71,64.6
1371,91,50.05,98.28,75.53,103.74,0.96,86.45
1402,382,210.1,412.56,317.06,435.48,4.01,362.9
1432,362,199.1,390.96,300.46,412.68,3.8,343.9
1197,231,127.05,249.48,191.73,263.34,2.43,219.45
1198,199,109.45,214.92,165.17,226.86,2.09,189.05
1199,220,121.0,237.6,182.6,250.8,2.31,209.0
1200,238,130.9,257.04,197.54,271.32,2.5,226.1
1201,128,70.4,138.24,106.24,145.92,1.34,121.6
1202,154,84.7,166.32,127.82,175.56,1.62,146.3
1203,187,102.85,201.96,155.21,213.18,1.96,177.65
1204,191,105.05,206.28,158.53,217.74,2.01,181.45
1205,134,73.7,144.72,111.22,152.76,1.41,127.3
1206,140,77.0,151.2,116.2,159.6,1.47,133.0
1207,126,69.3,136.08,104.58,143.64,1.32,119.7
1208,125,68.75,135.0,103.75,142.5,1.31,118.75
1209,192,105.6,207.36,159.36,218.88,2.02,182.4
1210,256,140.8,276.48,212.48,291.84,2.69,243.2
1211,284,156.2,306.72,235.72,323.76,2.98,269.8
1212,312,171.6,336.96,258.96,355.68,3.28,296.4
1213,296,162.8,319.68,245.68,337.44,3.11,281.2
1214,287,157.85,309.96,238.21,327.18,3.01,272.65
1099,140,77.0,151.2,116.2,159.6,1.47,133.0
1130,133,73.15,143.64,110.39,151.62,1.4,126.35
1158,255,140.25,275.4,211.65,290.7,2.68,242.25
1189,205,112.75,221.4,170.15,233.7,2.15,194.75
1219,175,96.25,189.0,145.25,199.5,1.84,166.25
1250,124,68.2,133.92,102.92,141.36,1.3,117.8
1280,149,81.95,160.92,123.67,169.86,1.56,141.55
1311,99,54.45,106.92,82.17,112.86,1.04,94.05
1342,88,48.4,95.04,73.04,100.32,0.92,83.6
1372,115,63.25,124.2,95.45,131.1,1.21,109.25
1403,462,254.1,498.96,383.46,526.68,4.85,438.9
1433,305,167.75,329.4,253.15,347.7,3.2,289.75
1227,121,66.55,130.68,100.43,137.94,1.27,114.95
1228,132,72.6,142.56,109.56,150.48,1.39,125.4
1229,140,77.0,151.2,116.2,159.6,1.47,133.0
1230,166,91.3,179.28,137.78,189.24,1.74,157.7
1231,191,105.05,206.28,158.53,217.74,2.01,181.45
1232,93,51.15,100.44,77.19,106.02,0.98,88.35
1233,78,42.9,84.24,64.74,88.92,0.82,74.1
1234,58,31.9,62.64,48.14,66.12,0.61,55.1
1235,85,46.75,91.8,70.55,96.9,0.89,80.75
1236,94,51.7,101.52,78.02,107.16,0.99,89.3
1237,237,130.35,255.96,196.71,270.18,2.49,225.15
1238,169,92.95,182.52,140.27,192.66,1.77,160.55
1239,140,77.0,151.2,116.2,159.6,1.47,133.0
1240,149,81.95,160.92,123.67,169.86,1.56,141.55
1241,150,82.5,162.0,124.5,171.0,1.58,142.5
1242,106,58.3,114.48,87.98,120.84,1.11,100.7
1243,87,47.85,93.96,72.21,99.18,0.91,82.65
1244,101,55.55,109.08,83.83,115.14,1.06,95.95
1245,135,74.25,145.8,112.05,153.9,1.42,128.25
1100,226,124.3,244.08,187.58,257.64,2.37,214.7
1131,199,109.45,214.92,165.17,226.86,2.09,189.05
1159,204,112.2,220.32,169.32,232.56,2.14,193.8
1190,279,153.45,301.32,231.57,318.06,2.93,265.05
1220,156,85.8,168.48,129.48,177.84,1.64,148.2
1251,134,73.7,144.72,111.22,152.76,1.41,127.3
1281,144,79.2,155.52,119.52,164.16,1.51,136.8
1312,104,57.2,112.32,86.32,118.56,1.09,98.8
1343,122,67.1,131.76,101.26,139.08,1.28,115.9
1373,114,62.7,123.12,94.62,129.96,1.2,108.3
1404,437,240.35,471.96,362.71,498.18,4.59,415.15
1434,322,177.1,347.76,267.26,367.08,3.38,305.9
1258,83,45.65,89.64,68.89,94.62,0.87,78.85
1259,124,68.2,133.92,102.92,141.36,1.3,117.8
1260,113,62.15,122.04,93.79,128.82,1.19,107.35
1261,115,63.25,124.2,95.45,131.1,1.21,109.25
1262,108,59.4,116.64,89.64,123.12,1.13,102.6
1263,81,44.55,87.48,67.23,92.34,0.85,76.95
1264,70,38.5,75.6,58.1,79.8,0.74,66.5
1265,62,34.1,66.96,51.46,70.68,0.65,58.9
1266,84,46.2,90.72,69.72,95.76,0.88,79.8
1267,127,69.85,137.16,105.41,144.78,1.33,120.65
1268,218,119.9,235.44,180.94,248.52,2.29,207.1
1269,146,80.3,157.68,121.18,166.44,1.53,138.7
1270,163,89.65,176.04,135.29,185.82,1.71,154.85
1271,135,74.25,145.8,112.05,153.9,1.42,128.25
1272,168,92.4,181.44,139.44,191.52,1.76,159.6
1273,161,88.55,173.88,133.63,183.54,1.69,152.95
1274,195,107.25,210.6,161.85,222.3,2.05,185.25
1275,206,113.3,222.48,170.98,234.84,2.16,195.7
1101,255,140.25,275.4,211.65,290.7,2.68,242.25
1132,232,127.6,250.56,192.56,264.48,2.44,220.4
1160,256,140.8,276.48,212.48,291.84,2.69,243.2
1191,250,137.5,270.0,207.5,285.0,2.63,237.5
1221,142,78.1,153.36,117.86,161.88,1.49,134.9
1252,180,99.0,194.4,149.4,205.2,1.89,171.0
1282,178,97.9,192.24,147.74,202.92,1.87,169.1
1313,101,55.55,109.08,83.83,115.14,1.06,95.95
1344,98,53.9,105.84,81.34,111.72,1.03,93.1
1374,127,69.85,137.16,105.41,144.78,1.33,120.65
1405,428,235.4,462.24,355.24,487.92,4.49,406.6
1435,255,140.25,275.4,211.65,290.7,2.68,242.25
1288,80,44.0,86.4,66.4,91.2,0.84,76.0
1289,83,45.65,89.64,68.89,94.62,0.87,78.85
1290,83,45.65,89.64,68.89,94.62,0.87,78.85
1291,90,49.5,97.2,74.7,102.6,0.95,85.5
1292,117,64.35,126.36,97.11,133.38,1.23,111.15
1293,94,51.7,101.52,78.02,107.16,0.99,89.3
1294,62,34.1,66.96,51.46,70.68,0.65,58.9
1295,81,44.55,87.48,67.23,92.34,0.85,76.95
1296,74,40.7,79.92,61.42,84.36,0.78,70.3
1297,83,45.65,89.64,68.89,94.62,0.87,78.85
1298,68,37.4,73.44,56.44,77.52,0.71,64.6
1299,99,54.45,106.92,82.17,112.86,1.04,94.05
1300,107,58.85,115.56,88.81,121.98,1.12,101.65
1301,86,47.3,92.88,71.38,98.04,0.9,81.7
1302,98,53.9,105.84,81.34,111.72,1.03,93.1
1303,61,33.55,65.88,50.63,69.54,0.64,57.95
1304,63,34.65,68.04,52.29,71.82,0.66,59.85
1305,76,41.8,82.08,63.08,86.64,0.8,72.2
1306,57,31.35,61.56,47.31,64.98,0.6,54.15
1102,234,128.7,252.72,194.22,266.76,2.46,222.3
1133,303,166.65,327.24,251.49,345.42,3.18,287.85
1161,207,113.85,223.56,171.81,235.98,2.17,196.65
1192,153,84.15,165.24,126.99,174.42,1.61,145.35
1222,173,95.15,186.84,143.59,197.22,1.82,164.35
1253,205,112.75,221.4,170.15,233.7,2.15,194.75
1283,164,90.2,177.12,136.12,186.96,1.72,155.8
1314,109,59.95,117.72,90.47,124.26,1.14,103.55
1345,70,38.5,75.6,58.1,79.8,0.74,66.5
1375,167,91.85,180.36,138.61,190.38,1.75,158.65
1406,390,214.5,421.2,323.7,444.6,4.1,370.5
1436,237,130.35,255.96,196.71,270.18,2.49,225.15
1319,118,64.9,127.44,97.94,134.52,1.24,112.1
1320,116,63.8,125.28,96.28,132.24,1.22,110.2
1321,114,62.7,123.12,94.62,129.96,1.2,108.3
1322,121,66.55,130.68,100.43,137.94,1.27,114.95
1323,150,82.5,162.0,124.5,171.0,1.58,142.5
1324,152,83.6,164.16,126.16,173.28,1.6,144.4
1325,167,91.85,180.36,138.61,190.38,1.75,158.65
1326,111,61.05,119.88,92.13,126.54,1.17,105.45
1327,69,37.95,74.52,57.27,78.66,0.72,65.55
1328,59,32.45,63.72,48.97,67.26,0.62,56.05
1329,82,45.1,88.56,68.06,93.48,0.86,77.9
1330,100,55.0,108.0,83.0,114.0,1.05,95.0
1331,115,63.25,124.2,95.45,131.1,1.21,109.25
1332,114,62.7,123.12,94.62,129.96,1.2,108.3
1333,134,73.7,144.72,111.22,152.76,1.41,127.3
1334,147,80.85,158.76,122.01,167.58,1.54,139.65
1335,119,65.45,128.52,98.77,135.66,1.25,113.05
1336,81,44.55,87.48,67.23,92.34,0.85,76.95
1337,73,40.15,78.84,60.59,83.22,0.77,69.35
1103,301,165.55,325.08,249.83,343.14,3.16,285.95
1134,305,167.75,329.4,253.15,347.7,3.2,289.75
1162,283,155.65,305.64,234.89,322.62,2.97,268.85
1193,170,93.5,183.6,141.1,193.8,1.79,161.5
1223,166,91.3,179.28,137.78,189.24,1.74,157.7
1254,305,167.75,329.4,253.15,347.7,3.2,289.75
1284,144,79.2,155.52,119.52,164.16,1.51,136.8
1315,101,55.55,109.08,83.83,115.14,1.06,95.95
1346,75,41.25,81.0,62.25,85.5,0.79,71.25
1376,171,94.05,184.68,141.93,194.94,1.8,162.45
1407,404,222.2,436.32,335.32,460.56,4.24,383.8
1437,289,158.95,312.12,239.87,329.46,3.03,274.55
1350,89,48.95,96.12,73.87,101.46,0.93,84.55
1351,69,37.95,74.52,57.27,78.66,0.72,65.55
1352,70,38.5,75.6,58.1,79.8,0.74,66.5
1353,79,43.45,85.32,65.57,90.06,0.83,75.05
1354,62,34.1,66.96,51.46,70.68,0.65,58.9
1355,69,37.95,74.52,57.27,78.66,0.72,65.55
1356,82,45.1,88.56,68.06,93.48,0.86,77.9
1357,82,45.1,88.56,68.06,93.48,0.86,77.9
1358,83,45.65,89.64,68.89,94.62,0.87,78.85
1359,69,37.95,74.52,57.27,78.66,0.72,65.55
1360,68,37.4,73.44,56.44,77.52,0.71,64.6
1361,64,35.2,69.12,53.12,72.96,0.67,60.8
1362,80,44.0,86.4,66.4,91.2,0.84,76.0
1363,75,41.25,81.0,62.25,85.5,0.79,71.25
1364,108,59.4,116.64,89.64,123.12,1.13,102.6
1365,120,66.0,129.6,99.6,136.8,1.26,114.0
1366,81,44.55,87.48,67.23,92.34,0.85,76.95
1367,84,46.2,90.72,69.72,95.76,0.88,79.8
1104,245,134.75,264.6,203.35,279.3,2.57,232.75
1135,291,160.05,314.28,241.53,331.74,3.06,276.45
1163,175,96.25,189.0,145.25,199.5,1.84,166.25
1194,181,99.55,195.48,150.23,206.34,1.9,171.95
1224,136,74.8,146.88,112.88,155.04,1.43,129.2
1255,221,121.55,238.68,183.43,251.94,2.32,209.95
1285,97,53.35,104.76,80.51,110.58,1.02,92.15
1316,101,55.55,109.08,83.83,115.14,1.06,95.95
1347,79,43.45,85.32,65.57,90.06,0.83,75.05
1377,168,92.4,181.44,139.44,191.52,1.76,159.6
1408,372,204.6,401.76,308.76,424.08,3.91,353.4
1438,314,172.7,339.12,260.62,357.96,3.3,298.3
1380,171,94.05,184.68,141.93,194.94,1.8,162.45
1381,182,100.1,196.56,151.06,207.48,1.91,172.9
1382,198,108.9,213.84,164.34,225.72,2.08,188.1
1383,284,156.2,306.72,235.72,323.76,2.98,269.8
1384,298,163.9,321.84,247.34,339.72,3.13,283.1
1385,46,25.3,49.68,38.18,52.44,0.48,43.7
1386,69,37.95,74.52,57.27,78.66,0.72,65.55
1387,221,121.55,238.68,183.43,251.94,2.32,209.95
1388,199,109.45,214.92,165.17,226.86,2.09,189.05
1389,170,93.5,183.6,141.1,193.8,1.79,161.5
1390,173,95.15,186.84,143.59,197.22,1.82,164.35
1391,160,88.0,172.8,132.8,182.4,1.68,152.0
1392,82,45.1,88.56,68.06,93.48,0.86,77.9
1393,139,76.45,150.12,115.37,158.46,1.46,132.05
1394,232,127.6,250.56,192.56,264.48,2.44,220.4
1395,268,147.4,289.44,222.44,305.52,2.81,254.6
1396,283,155.65,305.64,234.89,322.62,2.97,268.85
1397,268,147.4,289.44,222.44,305.52,2.81,254.6
1398,289,158.95,312.12,239.87,329.46,3.03,274.55
1105,243,133.65,262.44,201.69,277.02,2.55,230.85
1136,330,181.5,356.4,273.9,376.2,3.47,313.5
1164,242,133.1,261.36,200.86,275.88,2.54,229.9
1195,186,102.3,200.88,154.38,212.04,1.95,176.7
1225,151,83.05,163.08,125.33,172.14,1.59,143.45
1256,145,79.75,156.6,120.35,165.3,1.52,137.75
1286,94,51.7,101.52,78.02,107.16,0.99,89.3
1317,122,67.1,131.76,101.26,139.08,1.28,115.9
1348,61,33.55,65.88,50.63,69.54,0.64,57.95
1378,166,91.3,179.28,137.78,189.24,1.74,157.7
1409,411,226.05,443.88,341.13,468.54,4.32,390.45
1439,281,154.55,303.48,233.23,320.34,2.95,266.95
1411,437,240.35,471.96,362.71,498.18,4.59,415.15
1412,330,181.5,356.4,273.9,376.2,3.47,313.5
1413,353,194.15,381.24,292.99,402.42,3.71,335.35
1414,403,221.65,435.24,334.49,459.42,4.23,382.85
1415,375,206.25,405.0,311.25,427.5,3.94,356.25
1416,347,190.85,374.76,288.01,395.58,3.64,329.65
1417,380,209.0,410.4,315.4,433.2,3.99,361.0
1418,374,205.7,403.92,310.42,426.36,3.93,355.3
1419,349,191.95,376.92,289.67,397.86,3.66,331.55
1420,311,171.05,335.88,258.13,354.54,3.27,295.45
1421,290,159.5,313.2,240.7,330.6,3.05,275.5
1422,361,198.55,389.88,299.63,411.54,3.79,342.95
1423,400,220.0,432.0,332.0,456.0,4.2,380.0
1424,406,223.3,438.48,336.98,462.84,4.26,385.7
1425,402,221.1,434.16,333.66,458.28,4.22,381.9
1426,405,222.75,437.4,336.15,461.7,4.25,384.75
1427,389,213.95,420.12,322.87,443.46,4.08,369.55
1428,328,180.4,354.24,272.24,373.92,3.44,311.6
1106,293,161.15,316.44,243.19,334.02,3.08,278.35
1137,341,187.55,368.28,283.03,388.74,3.58,323.95
1165,218,119.9,235.44,180.94,248.52,2.29,207.1
1196,241,132.55,260.28,200.03,274.74,2.53,228.95
1226,115,63.25,124.2,95.45,131.1,1.21,109.25
1257,133,73.15,143.64,110.39,151.62,1.4,126.35
1287,90,49.5,97.2,74.7,102.6,0.95,85.5
1318,114,62.7,123.12,94.62,129.96,1.2,108.3
1349,60,33.0,64.8,49.8,68.4,0.63,57.0
1379,179,98.45,193.32,148.57,204.06,1.88,170.05
1410,471,259.05,508.68,390.93,536.94,4.95,447.45
1440,254,139.7,274.32,210.82,289.56,2.67,241.3
1441,331,182.05,357.48,274.73,377.34,3.48,314.45
1442,367,201.85,396.36,304.61,418.38,3.85,348.65
1443,363,199.65,392.04,301.29,413.82,3.81,344.85
1444,368,202.4,397.44,305.44,419.52,3.86,349.6
1445,329,180.95,355.32,273.07,375.06,3.45,312.55
1446,291,160.05,314.28,241.53,331.74,3.06,276.45
1447,271,149.05,292.68,224.93,308.94,2.85,257.45
1448,332,182.6,358.56,275.56,378.48,3.49,315.4
1449,402,221.1,434.16,333.66,458.28,4.22,381.9
1450,407,223.85,439.56,337.81,463.98,4.27,386.65
1451,423,232.65,456.84,351.09,482.22,4.44,401.85
1452,415,228.25,448.2,344.45,473.1,4.36,394.25
1453,431,237.05,465.48,357.73,491.34,4.53,409.45
1454,459,252.45,495.72,380.97,523.26,4.82,436.05
1455,283,155.65,305.64,234.89,322.62,2.97,268.85
1456,305,167.75,329.4,253.15,347.7,3.2,289.75
1457,267,146.85,288.36,221.61,304.38,2.8,253.65
1458,286,157.3,308.88,237.38,326.04,3.0,271.7
1459,321,176.55,346.68,266.43,365.94,3.37,304.95
1460,259,142.45,279.72,214.97,295.26,2.72,246.05
1491,164,90.2,177.12,136.12,186.96,1.72,155.8
1519,181,99.55,195.48,150.23,206.34,1.9,171.95
1550,106,58.3,114.48,87.98,120.84,1.11,100.7
1580,91,50.05,98.28,75.53,103.74,0.96,86.45
1611,96,52.8,103.68,79.68,109.44,1.01,91.2
1641,69,37.95,74.52,57.27,78.66,0.72,65.55
1672,92,50.6,99.36,76.36,104.88,0.97,87.4
1703,140,77.0,151.2,116.2,159.6,1.47,133.0
1733,147,80.85,158.76,122.01,167.58,1.54,139.65
1764,366,201.3,395.28,303.78,417.24,3.84,347.7
1794,372,204.6,401.76,308.76,424.08,3.91,353.4
1472,378,207.9,408.24,313.74,430.92,3.97,359.1
1473,353,194.15,381.24,292.99,402.42,3.71,335.35
1474,213,117.15,230.04,176.79,242.82,2.24,202.35
1475,270,148.5,291.6,224.1,307.8,2.84,256.5
1476,288,158.4,311.04,239.04,328.32,3.02,273.6
1477,306,168.3,330.48,253.98,348.84,3.21,290.7
1478,338,185.9,365.04,280.54,385.32,3.55,321.1
1479,226,124.3,244.08,187.58,257.64,2.37,214.7
1480,294,161.7,317.52,244.02,335.16,3.09,279.3
1481,407,223.85,439.56,337.81,463.98,4.27,386.65
1482,335,184.25,361.8,278.05,381.9,3.52,318.25
1483,237,130.35,255.96,196.71,270.18,2.49,225.15
1484,160,88.0,172.8,132.8,182.4,1.68,152.0
1485,298,163.9,321.84,247.34,339.72,3.13,283.1
1486,229,125.95,247.32,190.07,261.06,2.4,217.55
1487,236,129.8,254.88,195.88,269.04,2.48,224.2
1488,331,182.05,357.48,274.73,377.34,3.48,314.45
1489,207,113.85,223.56,171.81,235.98,2.17,196.65
1490,192,105.6,207.36,159.36,218.88,2.02,182.4
1461,357,196.35,385.56,296.31,406.98,3.75,339.15
1492,194,106.7,209.52,161.02,221.16,2.04,184.3
1520,226,124.3,244.08,187.58,257.64,2.37,214.7
1551,128,70.4,138.24,106.24,145.92,1.34,121.6
1581,76,41.8,82.08,63.08,86.64,0.8,72.2
1612,120,66.0,129.6,99.6,136.8,1.26,114.0
1642,71,39.05,76.68,58.93,80.94,0.75,67.45
1673,91,50.05,98.28,75.53,103.74,0.96,86.45
1704,136,74.8,146.88,112.88,155.04,1.43,129.2
1734,146,80.3,157.68,121.18,166.44,1.53,138.7
1765,392,215.6,423.36,325.36,446.88,4.12,372.4
1795,353,194.15,381.24,292.99,402.42,3.71,335.35
1503,135,74.25,145.8,112.05,153.9,1.42,128.25
1504,132,72.6,142.56,109.56,150.48,1.39,125.4
1505,190,104.5,205.2,157.7,216.6,2.0,180.5
1506,270,148.5,291.6,224.1,307.8,2.84,256.5
1507,367,201.85,396.36,304.61,418.38,3.85,348.65
1508,371,204.05,400.68,307.93,422.94,3.9,352.45
1509,331,182.05,357.48,274.73,377.34,3.48,314.45
1510,324,178.2,349.92,268.92,369.36,3.4,307.8
1511,245,134.75,264.6,203.35,279.3,2.57,232.75
1512,302,166.1,326.16,250.66,344.28,3.17,286.9
1513,227,124.85,245.16,188.41,258.78,2.38,215.65
1514,171,94.05,184.68,141.93,194.94,1.8,162.45
1515,225,123.75,243.0,186.75,256.5,2.36,213.75
1516,291,160.05,314.28,241.53,331.74,3.06,276.45
1517,260,143.0,280.8,215.8,296.4,2.73,247.0
1518,219,120.45,236.52,181.77,249.66,2.3,208.05
1462,385,211.75,415.8,319.55,438.9,4.04,365.75
1493,199,109.45,214.92,165.17,226.86,2.09,189.05
1521,152,83.6,164.16,126.16,173.28,1.6,144.4
1552,179,98.45,193.32,148.57,204.06,1.88,170.05
1582,107,58.85,115.56,88.81,121.98,1.12,101.65
1613,121,66.55,130.68,100.43,137.94,1.27,114.95
1643,118,64.9,127.44,97.94,134.52,1.24,112.1
1674,75,41.25,81.0,62.25,85.5,0.79,71.25
1705,136,74.8,146.88,112.88,155.04,1.43,129.2
1735,155,85.25,167.4,128.65,176.7,1.63,147.25
1766,468,257.4,505.44,388.44,533.52,4.91,444.6
1796,314,172.7,339.12,260.62,357.96,3.3,298.3
1531,231,127.05,249.48,191.73,263.34,2.43,219.45
1532,219,120.45,236.52,181.77,249.66,2.3,208.05
1533,213,117.15,230.04,176.79,242.82,2.24,202.35
1534,259,142.45,279.72,214.97,295.26,2.72,246.05
1535,188,103.4,203.04,156.04,214.32,1.97,178.6
1536,184,101.2,198.72,152.72,209.76,1.93,174.8
1537,162,89.1,174.96,134.46,184.68,1.7,153.9
1538,154,84.7,166.32,127.82,175.56,1.62,146.3
1539,75,41.25,81.0,62.25,85.5,0.79,71.25
1540,164,90.2,177.12,136.12,186.96,1.72,155.8
1541,151,83.05,163.08,125.33,172.14,1.59,143.45
1542,205,112.75,221.4,170.15,233.7,2.15,194.75
1543,78,42.9,84.24,64.74,88.92,0.82,74.1
1544,164,90.2,177.12,136.12,186.96,1.72,155.8
1545,146,80.3,157.68,121.18,166.44,1.53,138.7
1546,147,80.85,158.76,122.01,167.58,1.54,139.65
1547,198,108.9,213.84,164.34,225.72,2.08,188.1
1548,170,93.5,183.6,141.1,193.8,1.79,161.5
1549,73,40.15,78.84,60.59,83.22,0.77,69.35
1463,343,188.65,370.44,284.69,391.02,3.6,325.85
1494,242,133.1,261.36,200.86,275.88,2.54,229.9
1522,129,70.95,139.32,107.07,147.06,1.35,122.55
1553,109,59.95,117.72,90.47,124.26,1.14,103.55
1583,113,62.15,122.04,93.79,128.82,1.19,107.35
1614,171,94.05,184.68,141.93,194.94,1.8,162.45
1644,144,79.2,155.52,119.52,164.16,1.51,136.8
1675,105,57.75,113.4,87.15,119.7,1.1,99.75
1706,136,74.8,146.88,112.88,155.04,1.43,129.2
1736,176,96.8,190.08,146.08,200.64,1.85,167.2
1767,415,228.25,448.2,344.45,473.1,4.36,394.25
1797,311,171.05,335.88,258.13,354.54,3.27,295.45
1562,211,116.05,227.88,175.13,240.54,2.22,200.45
1563,249,136.95,268.92,206.67,283.86,2.61,236.55
1564,235,129.25,253.8,195.05,267.9,2.47,223.25
1565,229,125.95,247.32,190.07,261.06,2.4,217.55
1566,206,113.3,222.48,170.98,234.84,2.16,195.7
1567,235,129.25,253.8,195.05,267.9,2.47,223.25
1568,236,129.8,254.88,195.88,269.04,2.48,224.2
1569,159,87.45,171.72,131.97,181.26,1.67,151.05
1570,129,70.95,139.32,107.07,147.06,1.35,122.55
1571,141,77.55,152.28,117.03,160.74,1.48,133.95
1572,118,64.9,127.44,97.94,134.52,1.24,112.1
1573,160,88.0,172.8,132.8,182.4,1.68,152.0
1574,156,85.8,168.48,129.48,177.84,1.64,148.2
1575,210,115.5,226.8,174.3,239.4,2.21,199.5
1576,219,120.45,236.52,181.77,249.66,2.3,208.05
1577,150,82.5,162.0,124.5,171.0,1.58,142.5
1578,216,118.8,233.28,179.28,246.24,2.27,205.2
1579,132,72.6,142.56,109.56,150.48,1.39,125.4
1464,340,187.0,367.2,282.2,387.6,3.57,323.0
1495,244,134.2,263.52,202.52,278.16,2.56,231.8
1523,142,78.1,153.36,117.86,161.88,1.49,134.9
1554,135,74.25,145.8,112.05,153.9,1.42,128.25
1584,183,100.65,197.64,151.89,208.62,1.92,173.85
1615,166,91.3,179.28,137.78,189.24,1.74,157.7
1645,96,52.8,103.68,79.68,109.44,1.01,91.2
1676,85,46.75,91.8,70.55,96.9,0.89,80.75
1707,121,66.55,130.68,100.43,137.94,1.27,114.95
1737,177,97.35,191.16,146.91,201.78,1.86,168.15
1768,454,249.7,490.32,376.82,517.56,4.77,431.3
1798,297,163.35,320.76,246.51,338.58,3.12,282.15
1592,235,129.25,253.8,195.05,267.9,2.47,223.25
1593,259,142.45,279.72,214.97,295.26,2.72,246.05
1594,162,89.1,174.96,134.46,184.68,1.7,153.9
1595,259,142.45,279.72,214.97,295.26,2.72,246.05
1596,336,184.8,362.88,278.88,383.04,3.53,319.2
1597,149,81.95,160.92,123.67,169.86,1.56,141.55
1598,152,83.6,164.16,126.16,173.28,1.6,144.4
1599,186,102.3,200.88,154.38,212.04,1.95,176.7
1600,215,118.25,232.2,178.45,245.1,2.26,204.25
1601,199,109.45,214.92,165.17,226.86,2.09,189.05
1602,198,108.9,213.84,164.34,225.72,2.08,188.1
1603,158,86.9,170.64,131.14,180.12,1.66,150.1
1604,106,58.3,114.48,87.98,120.84,1.11,100.7
1605,98,53.9,105.84,81.34,111.72,1.03,93.1
1606,110,60.5,118.8,91.3,125.4,1.16,104.5
1607,134,73.7,144.72,111.22,152.76,1.41,127.3
1608,136,74.8,146.88,112.88,155.04,1.43,129.2
1609,115,63.25,124.2,95.45,131.1,1.21,109.25
1610,85,46.75,91.8,70.55,96.9,0.89,80.75
1465,400,220.0,432.0,332.0,456.0,4.2,380.0
1496,265,145.75,286.2,219.95,302.1,2.78,251.75
1524,142,78.1,153.36,117.86,161.88,1.49,134.9
1555,142,78.1,153.36,117.86,161.88,1.49,134.9
1585,234,128.7,252.72,194.22,266.76,2.46,222.3
1616,139,76.45,150.12,115.37,158.46,1.46,132.05
1646,72,39.6,77.76,59.76,82.08,0.76,68.4
1677,101,55.55,109.08,83.83,115.14,1.06,95.95
1708,106,58.3,114.48,87.98,120.84,1.11,100.7
1738,212,116.6,228.96,175.96,241.68,2.23,201.4
1769,421,231.55,454.68,349.43,479.94,4.42,399.95
1799,286,157.3,308.88,237.38,326.04,3.0,271.7
1623,205,112.75,221.4,170.15,233.7,2.15,194.75
1624,213,117.15,230.04,176.79,242.82,2.24,202.35
1625,154,84.7,166.32,127.82,175.56,1.62,146.3
1626,119,65.45,128.52,98.77,135.66,1.25,113.05
1627,119,65.45,128.52,98.77,135.66,1.25,113.05
1628,90,49.5,97.2,74.7,102.6,0.95,85.5
1629,75,41.25,81.0,62.25,85.5,0.79,71.25
1630,104,57.2,112.32,86.32,118.56,1.09,98.8
1631,91,50.05,98.28,75.53,103.74,0.96,86.45
1632,110,60.5,118.8,91.3,125.4,1.16,104.5
1633,132,72.6,142.56,109.56,150.48,1.39,125.4
1634,169,92.95,182.52,140.27,192.66,1.77,160.55
1635,71,39.05,76.68,58.93,80.94,0.75,67.45
1636,93,51.15,100.44,77.19,106.02,0.98,88.35
1637,86,47.3,92.88,71.38,98.04,0.9,81.7
1638,93,51.15,100.44,77.19,106.02,0.98,88.35
1639,101,55.55,109.08,83.83,115.14,1.06,95.95
1640,70,38.5,75.6,58.1,79.8,0.74,66.5
1466,377,207.35,407.16,312.91,429.78,3.96,358.15
1497,285,156.75,307.8,236.55,324.9,2.99,270.75
1525,173,95.15,186.84,143.59,197.22,1.82,164.35
1556,142,78.1,153.36,117.86,161.88,1.49,134.9
1586,173,95.15,186.84,143.59,197.22,1.82,164.35
1617,239,131.45,258.12,198.37,272.46,2.51,227.05
1647,77,42.35,83.16,63.91,87.78,0.81,73.15
1678,102,56.1,110.16,84.66,116.28,1.07,96.9
1709,104,57.2,112.32,86.32,118.56,1.09,98.8
1739,216,118.8,233.28,179.28,246.24,2.27,205.2
1770,395,217.25,426.6,327.85,450.3,4.15,375.25
1800,320,176.0,345.6,265.6,364.8,3.36,304.0
1653,77,42.35,83.16,63.91,87.78,0.81,73.15
1654,73,40.15,78.84,60.59,83.22,0.77,69.35
1655,100,55.0,108.0,83.0,114.0,1.05,95.0
1656,69,37.95,74.52,57.27,78.66,0.72,65.55
1657,85,46.75,91.8,70.55,96.9,0.89,80.75
1658,113,62.15,122.04,93.79,128.82,1.19,107.35
1659,77,42.35,83.16,63.91,87.78,0.81,73.15
1660,93,51.15,100.44,77.19,106.02,0.98,88.35
1661,109,59.95,117.72,90.47,124.26,1.14,103.55
1662,96,52.8,103.68,79.68,109.44,1.01,91.2
1663,73,40.15,78.84,60.59,83.22,0.77,69.35
1664,77,42.35,83.16,63.91,87.78,0.81,73.15
1665,102,56.1,110.16,84.66,116.28,1.07,96.9
1666,73,40.15,78.84,60.59,83.22,0.77,69.35
1667,92,50.6,99.36,76.36,104.88,0.97,87.4
1668,81,44.55,87.48,67.23,92.34,0.85,76.95
1669,59,32.45,63.72,48.97,67.26,0.62,56.05
1670,65,35.75,70.2,53.95,74.1,0.68,61.75
1671,89,48.95,96.12,73.87,101.46,0.93,84.55
1467,375,206.25,405.0,311.25,427.5,3.94,356.25
1498,144,79.2,155.52,119.52,164.16,1.51,136.8
1526,215,118.25,232.2,178.45,245.1,2.26,204.25
1557,172,94.6,185.76,142.76,196.08,1.81,163.4
1587,131,72.05,141.48,108.73,149.34,1.38,124.45
1618,161,88.55,173.88,133.63,183.54,1.69,152.95
1648,71,39.05,76.68,58.93,80.94,0.75,67.45
1679,110,60.5,118.8,91.3,125.4,1.16,104.5
1710,83,45.65,89.64,68.89,94.62,0.87,78.85
1740,164,90.2,177.12,136.12,186.96,1.72,155.8
1771,426,234.3,460.08,353.58,485.64,4.47,404.7
1801,324,178.2,349.92,268.92,369.36,3.4,307.8
1684,105,57.75,113.4,87.15,119.7,1.1,99.75
1685,114,62.7,123.12,94.62,129.96,1.2,108.3
1686,108,59.4,116.64,89.64,123.12,1.13,102.6
1687,109,59.95,117.72,90.47,124.26,1.14,103.55
1688,131,72.05,141.48,108.73,149.34,1.38,124.45
1689,153,84.15,165.24,126.99,174.42,1.61,145.35
1690,125,68.75,135.0,103.75,142.5,1.31,118.75
1691,91,50.05,98.28,75.53,103.74,0.96,86.45
1692,91,50.05,98.28,75.53,103.74,0.96,86.45
1693,106,58.3,114.48,87.98,120.84,1.11,100.7
1694,71,39.05,76.68,58.93,80.94,0.75,67.45
1695,85,46.75,91.8,70.55,96.9,0.89,80.75
1696,117,64.35,126.36,97.11,133.38,1.23,111.15
1697,152,83.6,164.16,126.16,173.28,1.6,144.4
1698,186,102.3,200.88,154.38,212.04,1.95,176.7
1699,144,79.2,155.52,119.52,164.16,1.51,136.8
1700,162,89.1,174.96,134.46,184.68,1.7,153.9
1701,154,84.7,166.32,127.82,175.56,1.62,146.3
1702,146,80.3,157.68,121.18,166.44,1.53,138.7
1468,434,238.7,468.72,360.22,494.76,4.56,412.3
1499,212,116.6,228.96,175.96,241.68,2.23,201.4
1527,119,65.45,128.52,98.77,135.66,1.25,113.05
1558,217,119.35,234.36,180.11,247.38,2.28,206.15
1588,197,108.35,212.76,163.51,224.58,2.07,187.15
1619,152,83.6,164.16,126.16,173.28,1.6,144.4
1649,64,35.2,69.12,53.12,72.96,0.67,60.8
1680,118,64.9,127.44,97.94,134.52,1.24,112.1
1711,54,29.7,58.32,44.82,61.56,0.57,51.3
1741,175,96.25,189.0,145.25,199.5,1.84,166.25
1772,437,240.35,471.96,362.71,498.18,4.59,415.15
1802,321,176.55,346.68,266.43,365.94,3.37,304.95
1715,106,58.3,114.48,87.98,120.84,1.11,100.7
1716,123,67.65,132.84,102.09,140.22,1.29,116.85
1717,101,55.55,109.08,83.83,115.14,1.06,95.95
1718,85,46.75,91.8,70.55,96.9,0.89,80.75
1719,65,35.75,70.2,53.95,74.1,0.68,61.75
1720,63,34.65,68.04,52.29,71.82,0.66,59.85
1721,73,40.15,78.84,60.59,83.22,0.77,69.35
1722,97,53.35,104.76,80.51,110.58,1.02,92.15
1723,114,62.7,123.12,94.62,129.96,1.2,108.3
1724,103,56.65,111.24,85.49,117.42,1.08,97.85
1725,110,60.5,118.8,91.3,125.4,1.16,104.5
1726,134,73.7,144.72,111.22,152.76,1.41,127.3
1727,118,64.9,127.44,97.94,134.52,1.24,112.1
1728,152,83.6,164.16,126.16,173.28,1.6,144.4
1729,129,70.95,139.32,107.07,147.06,1.35,122.55
1730,137,75.35,147.96,113.71,156.18,1.44,130.15
1731,157,86.35,169.56,130.31,178.98,1.65,149.15
1732,166,91.3,179.28,137.78,189.24,1.74,157.7
1469,407,223.85,439.56,337.81,463.98,4.27,386.65
1500,187,102.85,201.96,155.21,213.18,1.96,177.65
1528,187,102.85,201.96,155.21,213.18,1.96,177.65
1559,195,107.25,210.6,161.85,222.3,2.05,185.25
1589,203,111.65,219.24,168.49,231.42,2.13,192.85
1620,134,73.7,144.72,111.22,152.76,1.41,127.3
1650,65,35.75,70.2,53.95,74.1,0.68,61.75
1681,133,73.15,143.64,110.39,151.62,1.4,126.35
1712,45,24.75,48.6,37.35,51.3,0.47,42.75
1742,180,99.0,194.4,149.4,205.2,1.89,171.0
1773,279,153.45,301.32,231.57,318.06,2.93,265.05
1803,314,172.7,339.12,260.62,357.96,3.3,298.3
1745,256,140.8,276.48,212.48,291.84,2.69,243.2
1746,257,141.35,277.56,213.31,292.98,2.7,244.15
1747,233,128.15,251.64,193.39,265.62,2.45,221.35
1748,207,113.85,223.56,171.81,235.98,2.17,196.65
1749,89,48.95,96.12,73.87,101.46,0.93,84.55
1750,129,70.95,139.32,107.07,147.06,1.35,122.55
1751,121,66.55,130.68,100.43,137.94,1.27,114.95
1752,196,107.8,211.68,162.68,223.44,2.06,186.2
1753,248,136.4,267.84,205.84,282.72,2.6,235.6
1754,313,172.15,338.04,259.79,356.82,3.29,297.35
1755,263,144.65,284.04,218.29,299.82,2.76,249.85
1756,220,121.0,237.6,182.6,250.8,2.31,209.0
1757,243,133.65,262.44,201.69,277.02,2.55,230.85
1758,256,140.8,276.48,212.48,291.84,2.69,243.2
1759,261,143.55,281.88,216.63,297.54,2.74,247.95
1760,304,167.2,328.32,252.32,346.56,3.19,288.8
1761,325,178.75,351.0,269.75,370.5,3.41,308.75
1762,347,190.85,374.76,288.01,395.58,3.64,329.65
1763,359,197.45,387.72,297.97,409.26,3.77,341.05
1470,308,169.4,332.64,255.64,351.12,3.23,292.6
1501,275,151.25,297.0,228.25,313.5,2.89,261.25
1529,200,110.0,216.0,166.0,228.0,2.1,190.0
1560,260,143.0,280.8,215.8,296.4,2.73,247.0
1590,274,150.7,295.92,227.42,312.36,2.88,260.3
1621,130,71.5,140.4,107.9,148.2,1.37,123.5
1651,69,37.95,74.52,57.27,78.66,0.72,65.55
1682,123,67.65,132.84,102.09,140.22,1.29,116.85
1713,54,29.7,58.32,44.82,61.56,0.57,51.3
1743,193,106.15,208.44,160.19,220.02,2.03,183.35
1774,220,121.0,237.6,182.6,250.8,2.31,209.0
1804,317,174.35,342.36,263.11,361.38,3.33,301.15
1776,358,196.9,386.64,297.14,408.12,3.76,340.1
1777,397,218.35,428.76,329.51,452.58,4.17,377.15
1778,398,218.9,429.84,330.34,453.72,4.18,378.1
1779,419,230.45,452.52,347.77,477.66,4.4,398.05
1780,405,222.75,437.4,336.15,461.7,4.25,384.75
1781,319,175.45,344.52,264.77,363.66,3.35,303.05
1782,301,165.55,325.08,249.83,343.14,3.16,285.95
1783,348,191.4,375.84,288.84,396.72,3.65,330.6
1784,372,204.6,401.76,308.76,424.08,3.91,353.4
1785,395,217.25,426.6,327.85,450.3,4.15,375.25
1786,390,214.5,421.2,323.7,444.6,4.1,370.5
1787,415,228.25,448.2,344.45,473.1,4.36,394.25
1788,389,213.95,420.12,322.87,443.46,4.08,369.55
1789,396,217.8,427.68,328.68,451.44,4.16,376.2
1790,395,217.25,426.6,327.85,450.3,4.15,375.25
1791,312,171.6,336.96,258.96,355.68,3.28,296.4
1792,290,159.5,313.2,240.7,330.6,3.05,275.5
1793,398,218.9,429.84,330.34,453.72,4.18,378.1
1471,371,204.05,400.68,307.93,422.94,3.9,352.45
1502,175,96.25,189.0,145.25,199.5,1.84,166.25
1530,216,118.8,233.28,179.28,246.24,2.27,205.2
1561,213,117.15,230.04,176.79,242.82,2.24,202.35
1591,227,124.85,245.16,188.41,258.78,2.38,215.65
1622,169,92.95,182.52,140.27,192.66,1.77,160.55
1652,77,42.35,83.16,63.91,87.78,0.81,73.15
1683,126,69.3,136.08,104.58,143.64,1.32,119.7
1714,89,48.95,96.12,73.87,101.46,0.93,84.55
1744,220,121.0,237.6,182.6,250.8,2.31,209.0
1775,218,119.9,235.44,180.94,248.52,2.29,207.1
1805,355,195.25,383.4,294.65,404.7,3.73,337.25
1806,378,207.9,408.24,313.74,430.92,3.97,359.1
1807,326,179.3,352.08,270.58,371.64,3.42,309.7
1808,323,177.65,348.84,268.09,368.22,3.39,306.85
1809,354,194.7,382.32,293.82,403.56,3.72,336.3
1810,331,182.05,357.48,274.73,377.34,3.48,314.45
1811,330,181.5,356.4,273.9,376.2,3.47,313.5
1812,286,157.3,308.88,237.38,326.04,3.0,271.7
1813,285,156.75,307.8,236.55,324.9,2.99,270.75
1814,361,198.55,389.88,299.63,411.54,3.79,342.95
1815,409,224.95,441.72,339.47,466.26,4.29,388.55
1816,450,247.5,486.0,373.5,513.0,4.73,427.5
1817,411,226.05,443.88,341.13,468.54,4.32,390.45
1818,383,210.65,413.64,317.89,436.62,4.02,363.85
1819,377,207.35,407.16,312.91,429.78,3.96,358.15
1820,380,209.0,410.4,315.4,433.2,3.99,361.0
1821,358,196.9,386.64,297.14,408.12,3.76,340.1
1822,382,210.1,412.56,317.06,435.48,4.01,362.9
1823,400,220.0,432.0,332.0,456.0,4.2,380.0
1824,382,210.1,412.56,317.06,435.48,4.01,362.9
1825,346,190.3,373.68,287.18,394.44,3.63,328.7
1856,176,96.8,190.08,146.08,200.64,1.85,167.2
1885,208,114.4,224.64,172.64,237.12,2.18,197.6
1916,133,73.15,143.64,110.39,151.62,1.4,126.35
1946,200,110.0,216.0,166.0,228.0,2.1,190.0
1977,245,134.75,264.6,203.35,279.3,2.57,232.75
2007,105,57.75,113.4,87.15,119.7,1.1,99.75
2038,64,35.2,69.12,53.12,72.96,0.67,60.8
2069,101,55.55,109.08,83.83,115.14,1.06,95.95
2099,149,81.95,160.92,123.67,169.86,1.56,141.55
2130,339,186.45,366.12,281.37,386.46,3.56,322.05
2160,285,156.75,307.8,236.55,324.9,2.99,270.75
1837,398,218.9,429.84,330.34,453.72,4.18,378.1
1838,447,245.85,482.76,371.01,509.58,4.69,424.65
1839,359,197.45,387.72,297.97,409.26,3.77,341.05
1840,371,204.05,400.68,307.93,422.94,3.9,352.45
1841,368,202.4,397.44,305.44,419.52,3.86,349.6
1842,318,174.9,343.44,263.94,362.52,3.34,302.1
1843,348,191.4,375.84,288.84,396.72,3.65,330.6
1844,329,180.95,355.32,273.07,375.06,3.45,312.55
1845,349,191.95,376.92,289.67,397.86,3.66,331.55
1846,333,183.15,359.64,276.39,379.62,3.5,316.35
1847,368,202.4,397.44,305.44,419.52,3.86,349.6
1848,409,224.95,441.72,339.47,466.26,4.29,388.55
1849,332,182.6,358.56,275.56,378.48,3.49,315.4
1850,408,224.4,440.64,338.64,465.12,4.28,387.6
1851,356,195.8,384.48,295.48,405.84,3.74,338.2
1852,365,200.75,394.2,302.95,416.1,3.83,346.75
1853,356,195.8,384.48,295.48,405.84,3.74,338.2
1854,357,196.35,385.56,296.31,406.98,3.75,339.15
1855,391,215.05,422.28,324.53,445.74,4.11,371.45
1826,340,187.0,367.2,282.2,387.6,3.57,323.0
1857,215,118.25,232.2,178.45,245.1,2.26,204.25
1886,117,64.35,126.36,97.11,133.38,1.23,111.15
1917,144,79.2,155.52,119.52,164.16,1.51,136.8
1947,197,108.35,212.76,163.51,224.58,2.07,187.15
1978,173,95.15,186.84,143.59,197.22,1.82,164.35
2008,118,64.9,127.44,97.94,134.52,1.24,112.1
2039,76,41.8,82.08,63.08,86.64,0.8,72.2
2070,87,47.85,93.96,72.21,99.18,0.91,82.65
2100,173,95.15,186.84,143.59,197.22,1.82,164.35
2131,318,174.9,343.44,263.94,362.52,3.34,302.1
2161,280,154.0,302.4,232.4,319.2,2.94,266.0
1868,341,187.55,368.28,283.03,388.74,3.58,323.95
1869,340,187.0,367.2,282.2,387.6,3.57,323.0
1870,278,152.9,300.24,230.74,316.92,2.92,264.1
1871,268,147.4,289.44,222.44,305.52,2.81,254.6
1872,245,134.75,264.6,203.35,279.3,2.57,232.75
1873,270,148.5,291.6,224.1,307.8,2.84,256.5
1874,231,127.05,249.48,191.73,263.34,2.43,219.45
1875,226,124.3,244.08,187.58,257.64,2.37,214.7
1876,243,133.65,262.44,201.69,277.02,2.55,230.85
1877,150,82.5,162.0,124.5,171.0,1.58,142.5
1878,143,78.65,154.44,118.69,163.02,1.5,135.85
1879,193,106.15,208.44,160.19,220.02,2.03,183.35
1880,193,106.15,208.44,160.19,220.02,2.03,183.35
1881,172,94.6,185.76,142.76,196.08,1.81,163.4
1882,159,87.45,171.72,131.97,181.26,1.67,151.05
1883,141,77.55,152.28,117.03,160.74,1.48,133.95
1884,147,80.85,158.76,122.01,167.58,1.54,139.65
1827,341,187.55,368.28,283.03,388.74,3.58,323.95
1858,199,109.45,214.92,165.17,226.86,2.09,189.05
1887,126,69.3,136.08,104.58,143.64,1.32,119.7
1918,167,91.85,180.36,138.61,190.38,1.75,158.65
1948,264,145.2,285.12,219.12,300.96,2.77,250.8
1979,155,85.25,167.4,128.65,176.7,1.63,147.25
2009,108,59.4,116.64,89.64,123.12,1.13,102.6
2040,68,37.4,73.44,56.44,77.52,0.71,64.6
2071,89,48.95,96.12,73.87,101.46,0.93,84.55
2101,162,89.1,174.96,134.46,184.68,1.7,153.9
2132,381,209.55,411.48,316.23,434.34,4.0,361.95
2162,268,147.4,289.44,222.44,305.52,2.81,254.6
1897,165,90.75,178.2,136.95,188.1,1.73,156.75
1898,195,107.25,210.6,161.85,222.3,2.05,185.25
1899,128,70.4,138.24,106.24,145.92,1.34,121.6
1900,168,92.4,181.44,139.44,191.52,1.76,159.6
1901,193,106.15,208.44,160.19,220.02,2.03,183.35
1902,199,109.45,214.92,165.17,226.86,2.09,189.05
1903,222,122.1,239.76,184.26,253.08,2.33,210.9
1904,230,126.5,248.4,190.9,262.2,2.42,218.5
1905,171,94.05,184.68,141.93,194.94,1.8,162.45
1906,166,91.3,179.28,137.78,189.24,1.74,157.7
1907,232,127.6,250.56,192.56,264.48,2.44,220.4
1908,195,107.25,210.6,161.85,222.3,2.05,185.25
1909,197,108.35,212.76,163.51,224.58,2.07,187.15
1910,134,73.7,144.72,111.22,152.76,1.41,127.3
1911,178,97.9,192.24,147.74,202.92,1.87,169.1
1912,160,88.0,172.8,132.8,182.4,1.68,152.0
1913,176,96.8,190.08,146.08,200.64,1.85,167.2
1914,190,104.5,205.2,157.7,216.6,2.0,180.5
1915,243,133.65,262.44,201.69,277.02,2.55,230.85
1828,377,207.35,407.16,312.91,429.78,3.96,358.15
1859,274,150.7,295.92,227.42,312.36,2.88,260.3
1888,141,77.55,152.28,117.03,160.74,1.48,133.95
1919,173,95.15,186.84,143.59,197.22,1.82,164.35
1949,282,155.1,304.56,234.06,321.48,2.96,267.9
1980,211,116.05,227.88,175.13,240.54,2.22,200.45
2010,61,33.55,65.88,50.63,69.54,0.64,57.95
2041,64,35.2,69.12,53.12,72.96,0.67,60.8
2072,69,37.95,74.52,57.27,78.66,0.72,65.55
2102,184,101.2,198.72,152.72,209.76,1.93,174.8
2133,380,209.0,410.4,315.4,433.2,3.99,361.0
2163,178,97.9,192.24,147.74,202.92,1.87,169.1
1928,198,108.9,213.84,164.34,225.72,2.08,188.1
1929,141,77.55,152.28,117.03,160.74,1.48,133.95
1930,205,112.75,221.4,170.15,233.7,2.15,194.75
1931,228,125.4,246.24,189.24,259.92,2.39,216.6
1932,147,80.85,158.76,122.01,167.58,1.54,139.65
1933,164,90.2,177.12,136.12,186.96,1.72,155.8
1934,186,102.3,200.88,154.38,212.04,1.95,176.7
1935,219,120.45,236.52,181.77,249.66,2.3,208.05
1936,139,76.45,150.12,115.37,158.46,1.46,132.05
1937,129,70.95,139.32,107.07,147.06,1.35,122.55
1938,190,104.5,205.2,157.7,216.6,2.0,180.5
1939,178,97.9,192.24,147.74,202.92,1.87,169.1
1940,200,110.0,216.0,166.0,228.0,2.1,190.0
1941,197,108.35,212.76,163.51,224.58,2.07,187.15
1942,165,90.75,178.2,136.95,188.1,1.73,156.75
1943,176,96.8,190.08,146.08,200.64,1.85,167.2
1944,225,123.75,243.0,186.75,256.5,2.36,213.75
1945,189,103.95,204.12,156.87,215.46,1.98,179.55
1829,333,183.15,359.64,276.39,379.62,3.5,316.35
1860,177,97.35,191.16,146.91,201.78,1.86,168.15
1889,125,68.75,135.0,103.75,142.5,1.31,118.75
1920,174,95.7,187.92,144.42,198.36,1.83,165.3
1950,292,160.6,315.36,242.36,332.88,3.07,277.4
1981,251,138.05,271.08,208.33,286.14,2.64,238.45
2011,77,42.35,83.16,63.91,87.78,0.81,73.15
2042,59,32.45,63.72,48.97,67.26,0.62,56.05
2073,83,45.65,89.64,68.89,94.62,0.87,78.85
2103,145,79.75,156.6,120.35,165.3,1.52,137.75
2134,372,204.6,401.76,308.76,424.08,3.91,353.4
2164,165,90.75,178.2,136.95,188.1,1.73,156.75
1958,228,125.4,246.24,189.24,259.92,2.39,216.6
1959,235,129.25,253.8,195.05,267.9,2.47,223.25
1960,244,134.2,263.52,202.52,278.16,2.56,231.8
1961,236,129.8,254.88,195.88,269.04,2.48,224.2
1962,233,128.15,251.64,193.39,265.62,2.45,221.35
1963,262,144.1,282.96,217.46,298.68,2.75,248.9
1964,245,134.75,264.6,203.35,279.3,2.57,232.75
1965,228,125.4,246.24,189.24,259.92,2.39,216.6
1966,240,132.0,259.2,199.2,273.6,2.52,228.0
1967,193,106.15,208.44,160.19,220.02,2.03,183.35
1968,156,85.8,168.48,129.48,177.84,1.64,148.2
1969,157,86.35,169.56,130.31,178.98,1.65,149.15
1970,168,92.4,181.44,139.44,191.52,1.76,159.6
1971,191,105.05,206.28,158.53,217.74,2.01,181.45
1972,225,123.75,243.0,186.75,256.5,2.36,213.75
1973,246,135.3,265.68,204.18,280.44,2.58,233.7
1974,240,132.0,259.2,199.2,273.6,2.52,228.0
1975,230,126.5,248.4,190.9,262.2,2.42,218.5
1976,192,105.6,207.36,159.36,218.88,2.02,182.4
1830,319,175.45,344.52,264.77,363.66,3.35,303.05
1861,140,77.0,151.2,116.2,159.6,1.47,133.0
1890,138,75.9,149.04,114.54,157.32,1.45,131.1
1921,168,92.4,181.44,139.44,191.52,1.76,159.6
1951,248,136.4,267.84,205.84,282.72,2.6,235.6
1982,183,100.65,197.64,151.89,208.62,1.92,173.85
2012,65,35.75,70.2,53.95,74.1,0.68,61.75
2043,61,33.55,65.88,50.63,69.54,0.64,57.95
2074,95,52.25,102.6,78.85,108.3,1.0,90.25
2104,143,78.65,154.44,118.69,163.02,1.5,135.85
2135,351,193.05,379.08,291.33,400.14,3.69,333.45
2165,197,108.35,212.76,163.51,224.58,2.07,187.15
1989,195,107.25,210.6,161.85,222.3,2.05,185.25
1990,189,103.95,204.12,156.87,215.46,1.98,179.55
1991,186,102.3,200.88,154.38,212.04,1.95,176.7
1992,197,108.35,212.76,163.51,224.58,2.07,187.15
1993,169,92.95,182.52,140.27,192.66,1.77,160.55
1994,196,107.8,211.68,162.68,223.44,2.06,186.2
1995,306,168.3,330.48,253.98,348.84,3.21,290.7
1996,179,98.45,193.32,148.57,204.06,1.88,170.05
1997,175,96.25,189.0,145.25,199.5,1.84,166.25
1998,186,102.3,200.88,154.38,212.04,1.95,176.7
1999,145,79.75,156.6,120.35,165.3,1.52,137.75
2000,138,75.9,149.04,114.54,157.32,1.45,131.1
2001,134,73.7,144.72,111.22,152.76,1.41,127.3
2002,132,72.6,142.56,109.56,150.48,1.39,125.4
2003,74,40.7,79.92,61.42,84.36,0.78,70.3
2004,64,35.2,69.12,53.12,72.96,0.67,60.8
2005,118,64.9,127.44,97.94,134.52,1.24,112.1
2006,115,63.25,124.2,95.45,131.1,1.21,109.25
1831,333,183.15,359.64,276.39,379.62,3.5,316.35
1862,174,95.7,187.92,144.42,198.36,1.83,165.3
1891,181,99.55,195.48,150.23,206.34,1.9,171.95
1922,179,98.45,193.32,148.57,204.06,1.88,170.05
1952,303,166.65,327.24,251.49,345.42,3.18,287.85
1983,231,127.05,249.48,191.73,263.34,2.43,219.45
2013,56,30.8,60.48,46.48,63.84,0.59,53.2
2044,61,33.55,65.88,50.63,69.54,0.64,57.95
2075,71,39.05,76.68,58.93,80.94,0.75,67.45
2105,126,69.3,136.08,104.58,143.64,1.32,119.7
2136,377,207.35,407.16,312.91,429.78,3.96,358.15
2166,233,128.15,251.64,193.39,265.62,2.45,221.35
2019,102,56.1,110.16,84.66,116.28,1.07,96.9
2020,107,58.85,115.56,88.81,121.98,1.12,101.65
2021,109,59.95,117.72,90.47,124.26,1.14,103.55
2022,100,55.0,108.0,83.0,114.0,1.05,95.0
2023,90,49.5,97.2,74.7,102.6,0.95,85.5
2024,95,52.25,102.6,78.85,108.3,1.0,90.25
2025,124,68.2,133.92,102.92,141.36,1.3,117.8
2026,109,59.95,117.72,90.47,124.26,1.14,103.55
2027,103,56.65,111.24,85.49,117.42,1.08,97.85
2028,85,46.75,91.8,70.55,96.9,0.89,80.75
2029,93,51.15,100.44,77.19,106.02,0.98,88.35
2030,97,53.35,104.76,80.51,110.58,1.02,92.15
2031,109,59.95,117.72,90.47,124.26,1.14,103.55
2032,84,46.2,90.72,69.72,95.76,0.88,79.8
2033,131,72.05,141.48,108.73,149.34,1.38,124.45
2034,83,45.65,89.64,68.89,94.62,0.87,78.85
2035,76,41.8,82.08,63.08,86.64,0.8,72.2
2036,97,53.35,104.76,80.51,110.58,1.02,92.15
2037,96,52.8,103.68,79.68,109.44,1.01,91.2
1832,345,189.75,372.6,286.35,393.3,3.62,327.75
1863,161,88.55,173.88,133.63,183.54,1.69,152.95
1892,157,86.35,169.56,130.31,178.98,1.65,149.15
1923,191,105.05,206.28,158.53,217.74,2.01,181.45
1953,225,123.75,243.0,186.75,256.5,2.36,213.75
1984,237,130.35,255.96,196.71,270.18,2.49,225.15
2014,56,30.8,60.48,46.48,63.84,0.59,53.2
2045,54,29.7,58.32,44.82,61.56,0.57,51.3
2076,91,50.05,98.28,75.53,103.74,0.96,86.45
2106,167,91.85,180.36,138.61,190.38,1.75,158.65
2137,379,208.45,409.32,314.57,432.06,3.98,360.05
2167,302,166.1,326.16,250.66,344.28,3.17,286.9
2050,63,34.65,68.04,52.29,71.82,0.66,59.85
2051,79,43.45,85.32,65.57,90.06,0.83,75.05
2052,72,39.6,77.76,59.76,82.08,0.76,68.4
2053,63,34.65,68.04,52.29,71.82,0.66,59.85
2054,74,40.7,79.92,61.42,84.36,0.78,70.3
2055,83,45.65,89.64,68.89,94.62,0.87,78.85
2056,84,46.2,90.72,69.72,95.76,0.88,79.8
2057,66,36.3,71.28,54.78,75.24,0.69,62.7
2058,87,47.85,93.96,72.21,99.18,0.91,82.65
2059,85,46.75,91.8,70.55,96.9,0.89,80.75
2060,77,42.35,83.16,63.91,87.78,0.81,73.15
2061,105,57.75,113.4,87.15,119.7,1.1,99.75
2062,77,42.35,83.16,63.91,87.78,0.81,73.15
2063,72,39.6,77.76,59.76,82.08,0.76,68.4
2064,64,35.2,69.12,53.12,72.96,0.67,60.8
2065,70,38.5,75.6,58.1,79.8,0.74,66.5
2066,58,31.9,62.64,48.14,66.12,0.61,55.1
2067,102,56.1,110.16,84.66,116.28,1.07,96.9
2068,92,50.6,99.36,76.36,104.88,0.97,87.4
1833,343,188.65,370.44,284.69,391.02,3.6,325.85
1864,146,80.3,157.68,121.18,166.44,1.53,138.7
1893,145,79.75,156.6,120.35,165.3,1.52,137.75
1924,203,111.65,219.24,168.49,231.42,2.13,192.85
1954,179,98.45,193.32,148.57,204.06,1.88,170.05
1985,182,100.1,196.56,151.06,207.48,1.91,172.9
2015,84,46.2,90.72,69.72,95.76,0.88,79.8
2046,61,33.55,65.88,50.63,69.54,0.64,57.95
2077,114,62.7,123.12,94.62,129.96,1.2,108.3
2107,164,90.2,177.12,136.12,186.96,1.72,155.8
2138,350,192.5,378.0,290.5,399.0,3.68,332.5
2168,186,102.3,200.88,154.38,212.04,1.95,176.7
2081,52,28.6,56.16,43.16,59.28,0.55,49.4
2082,62,34.1,66.96,51.46,70.68,0.65,58.9
2083,107,58.85,115.56,88.81,121.98,1.12,101.65
2084,139,76.45,150.12,115.37,158.46,1.46,132.05
2085,172,94.6,185.76,142.76,196.08,1.81,163.4
2086,115,63.25,124.2,95.45,131.1,1.21,109.25
2087,56,30.8,60.48,46.48,63.84,0.59,53.2
2088,98,53.9,105.84,81.34,111.72,1.03,93.1
2089,116,63.8,125.28,96.28,132.24,1.22,110.2
2090,162,89.1,174.96,134.46,184.68,1.7,153.9
2091,165,90.75,178.2,136.95,188.1,1.73,156.75
2092,195,107.25,210.6,161.85,222.3,2.05,185.25
2093,233,128.15,251.64,193.39,265.62,2.45,221.35
2094,94,51.7,101.52,78.02,107.16,0.99,89.3
2095,80,44.0,86.4,66.4,91.2,0.84,76.0
2096,66,36.3,71.28,54.78,75.24,0.69,62.7
2097,74,40.7,79.92,61.42,84.36,0.78,70.3
2098,126,69.3,136.08,104.58,143.64,1.32,119.7
1834,273,150.15,294.84,226.59,311.22,2.87,259.35
1865,295,162.25,318.6,244.85,336.3,3.1,280.25
1894,182,100.1,196.56,151.06,207.48,1.91,172.9
1925,222,122.1,239.76,184.26,253.08,2.33,210.9
1955,180,99.0,194.4,149.4,205.2,1.89,171.0
1986,172,94.6,185.76,142.76,196.08,1.81,163.4
2016,138,75.9,149.04,114.54,157.32,1.45,131.1
2047,71,39.05,76.68,58.93,80.94,0.75,67.45
2078,106,58.3,114.48,87.98,120.84,1.11,100.7
2108,132,72.6,142.56,109.56,150.48,1.39,125.4
2139,334,183.7,360.72,277.22,380.76,3.51,317.3
2169,234,128.7,252.72,194.22,266.76,2.46,222.3
2111,224,123.2,241.92,185.92,255.36,2.35,212.8
2112,234,128.7,252.72,194.22,266.76,2.46,222.3
2113,198,108.9,213.84,164.34,225.72,2.08,188.1
2114,230,126.5,248.4,190.9,262.2,2.42,218.5
2115,285,156.75,307.8,236.55,324.9,2.99,270.75
2116,292,160.6,315.36,242.36,332.88,3.07,277.4
2117,278,152.9,300.24,230.74,316.92,2.92,264.1
2118,277,152.35,299.16,229.91,315.78,2.91,263.15
2119,310,170.5,334.8,257.3,353.4,3.26,294.5
2120,327,179.85,353.16,271.41,372.78,3.43,310.65
2121,364,200.2,393.12,302.12,414.96,3.82,345.8
2122,306,168.3,330.48,253.98,348.84,3.21,290.7
2123,270,148.5,291.6,224.1,307.8,2.84,256.5
2124,255,140.25,275.4,211.65,290.7,2.68,242.25
2125,356,195.8,384.48,295.48,405.84,3.74,338.2
2126,304,167.2,328.32,252.32,346.56,3.19,288.8
2127,268,147.4,289.44,222.44,305.52,2.81,254.6
2128,307,168.85,331.56,254.81,349.98,3.22,291.65
2129,328,180.4,354.24,272.24,373.92,3.44,311.6
1835,348,191.4,375.84,288.84,396.72,3.65,330.6
1866,313,172.15,338.04,259.79,356.82,3.29,297.35
1895,201,110.55,217.08,166.83,229.14,2.11,190.95
1926,240,132.0,259.2,199.2,273.6,2.52,228.0
1956,242,133.1,261.36,200.86,275.88,2.54,229.9
1987,223,122.65,240.84,185.09,254.22,2.34,211.85
2017,113,62.15,122.04,93.79,128.82,1.19,107.35
2048,69,37.95,74.52,57.27,78.66,0.72,65.55
2079,71,39.05,76.68,58.93,80.94,0.75,67.45
2109,141,77.55,152.28,117.03,160.74,1.48,133.95
2140,352,193.6,380.16,292.16,401.28,3.7,334.4
2170,199,109.45,214.92,165.17,226.86,2.09,189.05
2142,418,229.9,451.44,346.94,476.52,4.39,397.1
2143,424,233.2,457.92,351.92,483.36,4.45,402.8
2144,396,217.8,427.68,328.68,451.44,4.16,376.2
2145,417,229.35,450.36,346.11,475.38,4.38,396.15
2146,441,242.55,476.28,366.03,502.74,4.63,418.95
2147,494,271.7,533.52,410.02,563.16,5.19,469.3
2148,460,253.0,496.8,381.8,524.4,4.83,437.0
2149,419,230.45,452.52,347.77,477.66,4.4,398.05
2150,371,204.05,400.68,307.93,422.94,3.9,352.45
2151,393,216.15,424.44,326.19,448.02,4.13,373.35
2152,412,226.6,444.96,341.96,469.68,4.33,391.4
2153,318,174.9,343.44,263.94,362.52,3.34,302.1
2154,349,191.95,376.92,289.67,397.86,3.66,331.55
2155,343,188.65,370.44,284.69,391.02,3.6,325.85
2156,303,166.65,327.24,251.49,345.42,3.18,287.85
2157,325,178.75,351.0,269.75,370.5,3.41,308.75
2158,331,182.05,357.48,274.73,377.34,3.48,314.45
2159,346,190.3,373.68,287.18,394.44,3.63,328.7
1836,340,187.0,367.2,282.2,387.6,3.57,323.0
1867,300,165.0,324.0,249.0,342.0,3.15,285.0
1896,190,104.5,205.2,157.7,216.6,2.0,180.5
1927,232,127.6,250.56,192.56,264.48,2.44,220.4
1957,184,101.2,198.72,152.72,209.76,1.93,174.8
1988,213,117.15,230.04,176.79,242.82,2.24,202.35
2018,107,58.85,115.56,88.81,121.98,1.12,101.65
2049,56,30.8,60.48,46.48,63.84,0.59,53.2
2080,64,35.2,69.12,53.12,72.96,0.67,60.8
2110,155,85.25,167.4,128.65,176.7,1.63,147.25
2141,334,183.7,360.72,277.22,380.76,3.51,317.3
2171,288,158.4,311.04,239.04,328.32,3.02,273.6
2172,262,144.1,282.96,217.46,298.68,2.75,248.9
2173,193,106.15,208.44,160.19,220.02,2.03,183.35
2174,294,161.7,317.52,244.02,335.16,3.09,279.3
2175,379,208.45,409.32,314.57,432.06,3.98,360.05
2176,433,238.15,467.64,359.39,493.62,4.55,411.35
2177,445,244.75,480.6,369.35,507.3,4.67,422.75
2178,451,248.05,487.08,374.33,514.14,4.74,428.45
2179,429,235.95,463.32,356.07,489.06,4.5,407.55
2180,370,203.5,399.6,307.1,421.8,3.89,351.5
2181,409,224.95,441.72,339.47,466.26,4.29,388.55
2182,406,223.3,438.48,336.98,462.84,4.26,385.7
2183,369,202.95,398.52,306.27,420.66,3.87,350.55
2184,336,184.8,362.88,278.88,383.04,3.53,319.2
2185,345,189.75,372.6,286.35,393.3,3.62,327.75
2186,353,194.15,381.24,292.99,402.42,3.71,335.35
2187,139,76.45,150.12,115.37,158.46,1.46,132.05
2188,225,123.75,243.0,186.75,256.5,2.36,213.75
2189,173,95.15,186.84,143.59,197.22,1.82,164.35
2190,283,155.65,305.64,234.89,322.62,2.97,268.85
